p_id,name,products,price,colour,brand,img,ratingCount,avg_rating,description,p_attributes
17048614,Khushal K Women Black Ethnic Motifs Printed Kurta with Palazzos & With Dupatta,"Kurta, Palazzos, Dupatta",5099,Black,Khushal K,http://assets.myntassets.com/assets/images/17048614/2022/2/4/b0eb9426-adf2-4802-a6b3-5dbacbc5f2511643971561167KhushalKWomenBlackEthnicMotifsAngrakhaBeadsandStonesKurtawit7.jpg,4522,4.418398939,"Black printed Kurta with Palazzos with dupatta <br> <br> <b> Kurta design:  </b> <ul> <li> Ethnic motifs printed </li> <li> Anarkali shape </li> <li> Regular style </li> <li> Mandarin collar,  three-quarter regular sleeves </li> <li> Calf length with flared hem </li> <li> Viscose rayon machine weave fabric </li> </ul> <br> <b> Palazzos design:  </b> <ul> <li> Printed Palazzos </li> <li> Elasticated waistband </li> <li> Slip-on closure </li> </ul>Dupatta Length 2.43 meters Width:&nbsp;88 cm<br>The model (height 5'8) is wearing a size S100% Rayon<br>Machine wash","{'Add-Ons': 'NA', 'Body Shape ID': '443,333,324,424', 'Body or Garment Size': 'Garment Measurements in', 'Bottom Closure': 'Slip-On', 'Bottom Fabric': 'Viscose Rayon', 'Bottom Pattern': 'Printed', 'Bottom Type': 'Palazzos', 'Character': 'NA', 'Dupatta': 'With Dupatta', 'Dupatta Border': 'Solid', 'Dupatta Fabric': 'Viscose Rayon', 'Dupatta Pattern': 'Printed', 'Main Trend': 'Indie Prints', 'Neck': 'Mandarin Collar', 'Number of Pockets': 'NA', 'Occasion': 'Festive', 'Ornamentation': 'NA', 'Pattern Coverage': 'Placement', 'Print or Pattern Type': 'Ethnic Motifs', 'Sleeve Length': 'Three-Quarter Sleeves', 'Sleeve Styling': 'Regular Sleeves', 'Slit Detail': 'NA', 'Stitch': 'Ready to Wear', 'Sustainable': 'Regular', 'Technique': 'Screen', 'Top Design Styling': 'Regular', 'Top Fabric': 'Viscose Rayon', 'Top Hemline': 'Flared', 'Top Length': 'Calf Length', 'Top Pattern': 'Printed', 'Top Shape': 'Anarkali', 'Top Type': 'Kurta', 'Waistband': 'Elasticated', 'Wash Care': 'Machine Wash', 'Weave Pattern': 'Regular', 'Weave Type': 'Machine Weave'}"
16524740,InWeave Women Orange Solid Kurta with Palazzos & Floral Print Dupatta,"Kurta, Palazzos, Floral Print Dupatta",5899,Orange,InWeave,http://assets.myntassets.com/assets/images/16524740/2021/12/29/17ab2ac8-2e60-422d-9d20-2527415932361640754214931-STRAPPY-SET-IN-ORANGE-WITH-ORGANZA-DUPATTA-5961640754214349-2.jpg,1081,4.11933395,"Orange solid Kurta with Palazzos with dupatta<br><br><b>Kurta design: </b><ul><li>Solid</li><li>A-line shape</li><li>Regular style</li><li>Square neck, sleeveless shoulder straps</li><li>Calf length with straight hem</li><li>Viscose rayon machine weave fabric</li></ul><br><b>Palazzos design: </b><ul><li>Solid Palazzos</li><li>Elasticated waistband</li><li>Zip closure</li></ul><b>Dupatta Design:</b><ul><li>Floral Printed</li></ul>Kurta Fabric: Viscose rayon<br>Bottom Fabric:&nbsp;Viscose rayon<br>Dupatta Fabric: Organza<br>Hand washThe model (height 5'8) is wearing a size S","{'Add-Ons': 'NA', 'Body Shape ID': '443,333,324,424', 'Body or Garment Size': 'Garment Measurements in', 'Bottom Closure': 'Zip', 'Bottom Fabric': 'Viscose Rayon', 'Bottom Pattern': 'Solid', 'Bottom Type': 'Palazzos', 'Character': 'NA', 'Dupatta': 'With Dupatta', 'Dupatta Border': 'Printed', 'Dupatta Fabric': 'Organza', 'Dupatta Pattern': 'Printed', 'Main Trend': 'NA', 'Neck': 'Square Neck', 'Number of Pockets': 'NA', 'Occasion': 'Fusion', 'Ornamentation': 'NA', 'Pattern Coverage': 'None', 'Print or Pattern Type': 'Solid', 'Sleeve Length': 'Sleeveless', 'Sleeve Styling': 'Shoulder Straps', 'Slit Detail': 'NA', 'Stitch': 'Ready to Wear', 'Sustainable': 'Regular', 'Technique': 'NA', 'Top Design Styling': 'Regular', 'Top Fabric': 'Viscose Rayon', 'Top Hemline': 'Flared', 'Top Length': 'Calf Length', 'Top Pattern': 'Solid', 'Top Shape': 'A-Line', 'Top Type': 'Kurta', 'Waistband': 'Elasticated', 'Wash Care': 'Hand Wash', 'Weave Pattern': 'Regular', 'Weave Type': 'Machine Weave'}"
16331376,Anubhutee Women Navy Blue Ethnic Motifs Embroidered Thread Work Kurta with Trousers & With Dupatta,"Kurta, Trousers, Dupatta",4899,Navy Blue,Anubhutee,http://assets.myntassets.com/assets/images/16331376/2021/12/2/b8c4f90f-683c-48d2-b8ac-19891a87c0651638428628378KurtaSets1.jpg,1752,4.16152968,"Navy blue embroidered Kurta with Trousers with dupatta <br> <br> <b> Kurta design:  </b> <ul> <li> Ethnic motifs embroidered </li> <li> A-line shape </li> <li> Regular style </li> <li> Round neck,  three-quarter no sleeves </li> <li> Thread work detail </li> <li> Above knee length with flared hem </li> <li> Viscose rayon machine weave fabric </li> </ul> <br> <b> Trousers design:  </b> <ul> <li> Printed Trousers </li> <li> Elasticated waistband </li> <li> Slip-on closure </li> </ul>Viscose rayon<br>Hand WashThe model (height 5'8) is wearing a size S","{'Add-Ons': 'NA', 'Body Shape ID': '333,424', 'Body or Garment Size': 'Garment Measurements in', 'Bottom Closure': 'Slip-On', 'Bottom Fabric': 'Viscose Rayon', 'Bottom Pattern': 'Printed', 'Bottom Type': 'Trousers', 'Character': 'NA', 'Dupatta': 'With Dupatta', 'Dupatta Border': 'Tassels', 'Dupatta Fabric': 'Voile', 'Dupatta Pattern': 'Embroidered', 'Main Trend': 'NA', 'Neck': 'Round Neck', 'Number of Pockets': 'NA', 'Occasion': 'Daily', 'Ornamentation': 'Thread Work', 'Pattern Coverage': 'Large', 'Print or Pattern Type': 'Ethnic Motifs', 'Sleeve Length': 'Three-Quarter Sleeves', 'Sleeve Styling': 'No Sleeves', 'Slit Detail': 'NA', 'Stitch': 'Ready to Wear', 'Style Tip': '', 'Sustainable': 'Regular', 'Technique': 'Foil', 'Top Design Styling': 'Regular', 'Top Fabric': 'Viscose Rayon', 'Top Hemline': 'Flared', 'Top Length': 'Above Knee', 'Top Pattern': 'Embroidered', 'Top Shape': 'A-Line', 'Top Type': 'Kurta', 'Waistband': 'Elasticated', 'Wash Care': 'Hand Wash', 'Weave Pattern': 'Regular', 'Weave Type': 'Machine Weave'}"
14709966,Nayo Women Red Floral Printed Kurta With Trouser & Dupatta,"Kurta, Trouser, Dupatta",3699,Red,Nayo,http://assets.myntassets.com/assets/images/14709966/2021/7/10/d2407657-1f04-4d13-9f52-9e134050489b1625905793495-Nayo-Women-Red-Ethnic-Motifs-Printed-Empire-Pure-Cotton-Kurt-1.jpg,4113,4.088986142,Red printed kurta with trouser and dupatta<br><b>Kurta design:</b><ul><li>Printed kurta</li><li>Anarkali design</li><li>Round neck</li><li>Three-quarter sleeves</li><li>Flared hem</li><li>Calf length</li></ul><b>Trouser design:</b><ul><li>Printed trousers</li><li>Elasticated waistband</li><li>Slip-on closure</li></ul><b>Dupatta design:</b><ul><li>White and red printed dupatta</li></ul>Top fabric:  Pure Cotton <br> Bottom fabric:  Pure Cotton <br> Dupatta fabric:  Cotton Blend <br> Hand washDupatta length: 2 metres (approx.) <br> The model (height 5'8) is wearing a size S,"{'Add-Ons': 'NA', 'Body Shape ID': '333,424', 'Body or Garment Size': 'Garment Measurements in', 'Bottom Closure': 'Slip-On', 'Bottom Fabric': 'Pure Cotton', 'Bottom Pattern': 'Printed', 'Bottom Type': 'Trousers', 'Character': 'NA', 'Dupatta': 'With Dupatta', 'Dupatta Border': 'Printed', 'Dupatta Fabric': 'Cotton Blend', 'Dupatta Pattern': 'Printed', 'Main Trend': 'NA', 'Neck': 'Round Neck', 'Number of Pockets': 'NA', 'Occasion': 'Daily', 'Ornamentation': 'NA', 'Pattern Coverage': 'Large', 'Print or Pattern Type': 'Ethnic Motifs', 'Sleeve Length': 'Three-Quarter Sleeves', 'Sleeve Styling': 'Regular Sleeves', 'Slit Detail': 'Front Slit', 'Stitch': 'Ready to Wear', 'Sustainable': 'Regular', 'Technique': 'NA', 'Top Design Styling': 'Empire', 'Top Fabric': 'Pure Cotton', 'Top Hemline': 'Flared', 'Top Length': 'Calf Length', 'Top Pattern': 'Printed', 'Top Shape': 'Anarkali', 'Top Type': 'Kurta', 'Waistband': 'Elasticated', 'Wash Care': 'Hand Wash', 'Weave Pattern': 'Regular', 'Weave Type': 'Machine Weave'}"
11056154,AHIKA Women Black & Green Printed Straight Kurta,Kurta,1350,Black,AHIKA,http://assets.myntassets.com/assets/images/11056154/2019/12/5/30b0017d-7e72-4d40-9633-ef78d01719741575541717470-AHIKA-Women-Black--Green-Printed-Straight-Kurta-990157554171-1.jpg,21274,3.978377362,"Black and green printed straight kurta, has a nitched round neck, three-quarter sleeves, straight hem, side slitsMaterial: Cotton<br> Machine WashThe model (height 5'8"") is wearing a size S","{'Body Shape ID': '424', 'Body or Garment Size': 'Garment Measurements in', 'Colour Family': 'Monochrome', 'Design Styling': 'Regular', 'Fabric': 'Cotton', 'Fabric 2': 'NA', 'Fabric Purity': 'Pure', 'Hemline': 'Straight', 'Length': 'Calf Length', 'Main Trend': 'NA', 'Neck': 'Round Neck', 'Occasion': 'Daily', 'Ornamentation': 'NA', 'Pattern': 'Printed', 'Print or Pattern Type': 'Ethnic Motifs', 'Shape': 'Straight', 'Sleeve Length': 'Three-Quarter Sleeves', 'Sleeve Styling': 'Regular Sleeves', 'Slit Detail': 'Side Slits', 'Stitch': 'Ready to Wear', 'Technique': 'NA', 'Wash Care': 'Machine Wash', 'Weave Pattern': 'Regular', 'Weave Type': 'Machine Weave'}"
18704418,Soch Women Red Thread Work Georgette Anarkali Kurta,Anarkali Kurta,3498,Red,Soch,http://assets.myntassets.com/assets/images/18704418/2022/6/11/507490f7-c8f9-492c-b3f8-c7e977d1af701654922515416SochWomenRedThreadWorkGeorgetteAnarkaliKurta1.jpg,,,"<ul> <li> Colour: red </li> <li> Solid woven design </li> <li> Mandarin collar </li> <li> Long,  regular sleeves </li> <li> Anarkali shape with pleated style </li> <li> Thread work detail </li> <li> Ankle length with flared hem </li> <li> Machine weave regular georgette </li> </ul><br> The model (height 5'8) is wearing a size S<p>Georgette</p>","{'Body Shape ID': '333,324,424', 'Body or Garment Size': 'To-Fit Denotes Body Measurements in', 'Care for me': 'NA', 'Colour Family': 'Earthy', 'Design Styling': 'Pleated', 'Fabric': 'Georgette', 'Fabric 2': 'NA', 'Fabric Purity': 'Pure', 'Hemline': 'Flared', 'Length': 'Ankle Length', 'Main Trend': 'NA', 'Neck': 'Mandarin Collar', 'Number of Pockets': 'NA', 'Occasion': 'Daily', 'Ornamentation': 'Thread Work', 'Pattern': 'Woven Design', 'Print or Pattern Type': 'Solid', 'Shape': 'Anarkali', 'Sleeve Length': 'Long Sleeves', 'Sleeve Styling': 'Regular Sleeves', 'Slit Detail': 'Front Slit', 'Stitch': 'Ready to Wear', 'Sustainable': 'Regular', 'Technique': 'NA', 'Wash Care': 'Hand Wash', 'Weave Pattern': 'Regular', 'Weave Type': 'Machine Weave'}"
14046594,Libas Women Navy Blue Pure Cotton Floral Print Kurta with Palazzos & Dupatta,"Kurta, Palazzos, Dupatta",3599,Navy Blue,Libas,http://assets.myntassets.com/assets/images/14046594/2022/6/9/5fba9594-3301-4881-ba56-d56a44570e831654747998773LibasWomenNavyBluePureCottonFloralPrintKurtawithPalazzosDupa1.jpg,8695,4.435652674,"Stately and versatile, this kurta set will be your top choice. Its eye-catching printed kurta comes with snug printed palazzos and a gorgeous printed dupatta for added appeal. <br><br><b>Kurta design: </b><ul><li>Floral printed</li><li>Anarkali shape</li><li>Pleated style</li><li>Keyhole neck, three-quarter regular sleeves</li><li>Gotta patti detail</li><li>Calf length with flared hem</li><li>Pure cotton machine weave fabric</li></ul><b>Palazzos design: </b><ul><li>Printed Palazzos</li><li>Partially elasticated waistband</li><li>Slip-on closure</li><li>2 pockets</li></ul><b>Dupatta Design</b><br>Printed dupatta<br>Top fabric:  Pure Cotton <br> Bottom fabric:  Pure Cotton <br> Dupatta fabric:  Pure Cotton <br> Machine washThe model (height 5'8) is wearing a size S","{'Add-Ons': 'NA', 'Body Shape ID': '443,333,324,424', 'Body or Garment Size': 'Garment Measurements in', 'Bottom Closure': 'Slip-On', 'Bottom Fabric': 'Pure Cotton', 'Bottom Pattern': 'Printed', 'Bottom Type': 'Palazzos', 'Character': 'NA', 'Dupatta': 'With Dupatta', 'Dupatta Border': 'NA', 'Dupatta Fabric': 'Pure Cotton', 'Dupatta Pattern': 'Printed', 'Main Trend': 'Floral', 'Neck': 'Keyhole Neck', 'Number of Pockets': '2', 'Occasion': 'Fusion', 'Ornamentation': 'Gotta Patti', 'Pattern Coverage': 'Large', 'Print or Pattern Type': 'Floral', 'Sleeve Length': 'Three-Quarter Sleeves', 'Sleeve Styling': 'Regular Sleeves', 'Slit Detail': 'NA', 'Stitch': 'Ready to Wear', 'Style Tip': 'Mod Indo-Western danglers, a pair of sparkly mojris, and an elaborate choker neckpiece.', 'Sustainable': 'Regular', 'Technique': 'NA', 'Top Design Styling': 'Pleated', 'Top Fabric': 'Pure Cotton', 'Top Hemline': 'Flared', 'Top Length': 'Calf Length', 'Top Pattern': 'Printed', 'Top Shape': 'Anarkali', 'Top Type': 'Kurta', 'Waistband': 'Partially Elasticated', 'Wash Care': 'Machine Wash', 'Weave Pattern': 'Regular', 'Weave Type': 'Machine Weave', 'Where-to-wear': ""Enjoy your sister's housewarming""}"
14951330,Ahalyaa Women Beige Floral Printed Regular Gotta Patti Kurta with Palazzos & With Dupatta,"Kurta, Palazzos, Dupatta",6000,Beige,Ahalyaa,http://assets.myntassets.com/assets/images/14951330/2022/2/16/e6b90907-a613-45e1-9b2e-988caaba36581645010770505-Ahalyaa-Women-Beige-Floral-Printed-Regular-Gotta-Patti-Kurta-1.jpg,1741,3.545089029,"When in doubt, rock this simple yet stylish kurta set at any traditional function. It comes with an elegant printed kurta and snug printed palazzos for comfort.&nbsp;<ul><li>Kurta:</li><li>Classy beige tone</li><li>Attractive round neck</li><li>Long regular sleeves</li><li>Calf length</li><li>Poly crepe, machine wash</li><li>Palazzos:</li><li>Printed palazzos</li><li>Partially elasticated waist</li><li>Poly crepe, machine wash</li><li>Tassels border</li><li>Printed pattern</li><li>Net, machine wash</li></ul><b>Trend Alert</b><br>Symbols of freshness and beauty, romantic florals in vibrant hues and prints have been a mainstay in fashion for decades. Right from delicate all-over patterns to abstract and oversized motifs, romantic florals lend any garment a feminine touch.Top fabric:  Poly Crepe <br> Bottom fabric:  Poly Crepe <br> Dupatta fabric:  Net <br> Machine washThe model (height 5'8) is wearing a size S","{'Add-Ons': 'NA', 'Body Shape ID': '443,333,324,424', 'Body or Garment Size': 'Garment Measurements in', 'Bottom Closure': 'Slip-On', 'Bottom Fabric': 'Poly Crepe', 'Bottom Pattern': 'Printed', 'Bottom Type': 'Palazzos', 'Character': 'NA', 'Dupatta': 'With Dupatta', 'Dupatta Border': 'Tassels', 'Dupatta Fabric': 'Net', 'Dupatta Pattern': 'Printed', 'Main Trend': 'Floral', 'Neck': 'Round Neck', 'Number of Pockets': 'NA', 'Occasion': 'Festive', 'Ornamentation': 'Gotta Patti', 'Pattern Coverage': 'Large', 'Print or Pattern Type': 'Floral', 'Sleeve Length': 'Long Sleeves', 'Sleeve Styling': 'Regular Sleeves', 'Slit Detail': 'Side Slits', 'Stitch': 'Ready to Wear', 'Style Tip': 'Long studded danglers, a minaudiere with glimmering stones, and an exquisite open bangle.', 'Sustainable': 'Regular', 'Technique': 'Screen', 'Top Design Styling': 'Regular', 'Top Fabric': 'Poly Crepe', 'Top Hemline': 'Straight', 'Top Length': 'Calf Length', 'Top Pattern': 'Printed', 'Top Shape': 'Straight', 'Top Type': 'Kurta', 'Waistband': 'Partially Elasticated', 'Wash Care': 'Machine Wash', 'Weave Pattern': 'Regular', 'Weave Type': 'Machine Weave', 'Wedding': 'Guests & Gifting', 'Where-to-wear': 'Wear to fun destination weddings'}"
13791594,Anouk Women Yellow & White Printed Kurta with Palazzos,"Kurta, Palazzos",1999,Yellow,Anouk,http://assets.myntassets.com/assets/images/13791594/2022/2/14/5ea707f4-8491-4d1c-b520-86a1cff4c86e1644841891629-Anouk-Women-Yellow--White-Printed-Kurta-with-Palazzos-706164-1.jpg,7012,4.245864233,"Yellow and white printed kurta with palazzos<br> Yellow and white straight knee length kurta, has a round neck, three-quarter sleeves, side slits<br>Yellow and white Printed palazzos, has partially elasticated waistbandThe model (height 5'8"") is wearing a size STop fabric: Pure Cotton<br>Bottom fabric: Pure Cotton<br>Machine-wash","{'Add-Ons': 'NA', 'Body Shape ID': '443,333,324,424', 'Body or Garment Size': 'To-Fit Denotes Body Measurements in', 'Bottom Closure': 'NA', 'Bottom Fabric': 'Pure Cotton', 'Bottom Pattern': 'Printed', 'Bottom Type': 'Palazzos', 'Character': 'NA', 'Dupatta': 'NA', 'Dupatta Border': 'NA', 'Dupatta Fabric': 'NA', 'Dupatta Pattern': 'NA', 'Main Trend': 'NA', 'Neck': 'Round Neck', 'Occasion': 'Daily', 'Ornamentation': 'NA', 'Pattern Coverage': 'Large', 'Print or Pattern Type': 'Floral', 'Sleeve Length': 'Three-Quarter Sleeves', 'Sleeve Styling': 'Regular Sleeves', 'Slit Detail': 'Side Slits', 'Stitch': 'Ready to Wear', 'Sustainable': 'Regular', 'Technique': 'NA', 'Top Design Styling': 'Regular', 'Top Fabric': 'Pure Cotton', 'Top Hemline': 'Straight', 'Top Length': 'Knee Length', 'Top Pattern': 'Printed', 'Top Shape': 'Straight', 'Top Type': 'Kurta', 'Waistband': 'Partially Elasticated', 'Wash Care': 'Machine Wash', 'Weave Pattern': 'Regular', 'Weave Type': 'Machine Weave'}"
17048604,Khushal K Women Green & Pink Printed Pure Cotton Kurta with Palazzos & Dupatta,"Kurta, Palazzos, Dupatta",5299,Green,Khushal K,http://assets.myntassets.com/assets/images/17048604/2022/2/4/11b842c5-d9d4-4fee-baa2-0972e3a673641643970773675KhushalKWomenGreenEthnicMotifsPrintedEmpireGottaPattiPureCot7.jpg,1590,4.266037736,"Green &amp; pink printed kurta with palazzos &amp; dupatta<br><br><b>Kurta design: </b><ul><li>Ethnic motifs printed</li><li>A-line shape</li><li>Regular&nbsp; style</li><li>Round neck, three-quarter regular sleeves</li><li>Gotta patti detail</li><li>Calf length with flared hem</li><li>Pure cotton machine weave fabric</li></ul><br><b>Palazzos design: </b><ul><li>Printed Palazzos</li><li>Elasticated waistband</li><li>Slip-on closure</li><li>Comes with pink solid dupatta</li></ul>Dupatta: 2.4 x 0.8 meters<br>The model (height 5'8) is wearing a size STop: 100% Cotton<br>Bottom: 100% Cotton<br>Dupatta: Silk Chiffon<br>Machine wash","{'Add-Ons': 'NA', 'Body Shape ID': '443,333,324,424', 'Body or Garment Size': 'Garment Measurements in', 'Bottom Closure': 'Slip-On', 'Bottom Fabric': 'Pure Cotton', 'Bottom Pattern': 'Printed', 'Bottom Type': 'Palazzos', 'Character': 'NA', 'Dupatta': 'With Dupatta', 'Dupatta Border': 'Taping', 'Dupatta Fabric': 'Silk Chiffon', 'Dupatta Pattern': 'Solid', 'Main Trend': 'NA', 'Neck': 'Round Neck', 'Number of Pockets': 'NA', 'Occasion': 'Daily', 'Ornamentation': 'Gotta Patti', 'Pattern Coverage': 'Large', 'Print or Pattern Type': 'Ethnic Motifs', 'Sleeve Length': 'Three-Quarter Sleeves', 'Sleeve Styling': 'Regular Sleeves', 'Slit Detail': 'NA', 'Stitch': 'Ready to Wear', 'Sustainable': 'Regular', 'Technique': 'NA', 'Top Design Styling': 'Regular', 'Top Fabric': 'Pure Cotton', 'Top Hemline': 'Flared', 'Top Length': 'Calf Length', 'Top Pattern': 'Printed', 'Top Shape': 'A-Line', 'Top Type': 'Kurta', 'Waistband': 'Elasticated', 'Wash Care': 'Machine Wash', 'Weave Pattern': 'Regular', 'Weave Type': 'Machine Weave', 'Wedding': 'Guests & Gifting'}"
10356859,Libas Floral Bliss Side Pocket Cotton Kurta Set,Kurta Set,2499,Pink,Libas,http://assets.myntassets.com/assets/images/10356859/2019/8/8/b783aef9-c902-462e-af73-de159bfd011c1565256752191-Libas-Women-Kurta-Sets-2081565256750830-1.jpg,12568,3.963239975,"This set includes: Kurta and Trousers<br><br>A smart piece with a floral trend signature, the contemporary styling components ups the exclusivity of this set. The shades of taffy pink beautifully contrasts with the luxe blue floral motifs, while the structured silhouette gives it a casual edge. Design, comfort and a smart overall look, this set is elegance personified!<ul><li><b>Kurta:</b><br>All over floral print, hook and eye keyhole neck, short sleeves, calf length with tapered slits, smart styling with side pocket</li><li><b>Trousers:</b><br>Variegated grainy stripes in crop-cut with elastic&nbsp;back, slip-on styling, 2 pockets</li><li>Pure cotton, Machine-wash</li><li>The model (height 5'8"") is wearing a size S</li></ul>","{'Add-Ons': 'NA', 'Body Shape ID': '333,424', 'Body or Garment Size': 'Garment Measurements in', 'Bottom Closure': 'Slip-On', 'Bottom Fabric': 'Pure Cotton', 'Bottom Pattern': 'Printed', 'Bottom Type': 'Trousers', 'Character': 'NA', 'Dupatta': 'NA', 'Dupatta Border': 'NA', 'Dupatta Fabric': 'NA', 'Dupatta Pattern': 'NA', 'Main Trend': 'NA', 'Neck': 'Keyhole Neck', 'Number of Pockets': 'NA', 'Occasion': 'Daily', 'Ornamentation': 'NA', 'Pattern Coverage': 'Large', 'Print or Pattern Type': 'Floral', 'Sleeve Length': 'Short Sleeves', 'Sleeve Styling': 'Regular Sleeves', 'Slit Detail': 'NA', 'Stitch': 'Ready to Wear', 'Sustainable': 'Regular', 'Technique': 'NA', 'Top Design Styling': 'Regular', 'Top Fabric': 'Pure Cotton', 'Top Hemline': 'Straight', 'Top Length': 'Calf Length', 'Top Pattern': 'Printed', 'Top Shape': 'A-Line', 'Top Type': 'Kurta', 'Waistband': 'Partially Elasticated', 'Wash Care': 'Machine Wash', 'Weave Pattern': 'Regular', 'Weave Type': 'Machine Weave'}"
12413214,Varanga Women Mustard Yellow Floral Yoke Embroidered Straight Kurta,Kurta,1999,Mustard,Varanga,http://assets.myntassets.com/assets/images/12413214/2021/11/22/bb925efb-80d9-4cb6-838c-df86f1ba3c3e1637570416652-Varanga-Women-Mustard-Yellow-Floral-Yoke-Embroidered-Straigh-1.jpg,2426,4.254328112,"Mustard yellow floral yoke embroidered straight kurta, has a round neck, three-quarter sleeves, straight hem, and side slitsThe model (height 5'8"") is wearing a size SMaterial: 100% Cotton<br>Dry Clean","{'Body Shape ID': '424', 'Body or Garment Size': 'To-Fit Denotes Body Measurements in', 'Colour Family': 'Bright', 'Design Styling': 'Regular', 'Fabric': 'Cotton', 'Fabric 2': 'NA', 'Fabric Purity': 'Pure', 'Hemline': 'Straight', 'Length': 'Calf Length', 'Main Trend': 'NA', 'Neck': 'Round Neck', 'Occasion': 'Daily', 'Ornamentation': 'Thread Work', 'Pattern': 'Embroidered', 'Print or Pattern Type': 'Floral', 'Shape': 'Straight', 'Sleeve Length': 'Three-Quarter Sleeves', 'Sleeve Styling': 'Regular Sleeves', 'Slit Detail': 'Side Slits', 'Stitch': 'Ready to Wear', 'Sustainable': 'Regular', 'Technique': 'NA', 'Wash Care': 'Dry Clean', 'Weave Pattern': 'Regular', 'Weave Type': 'Machine Weave'}"
16600750,AHIKA Women Teal Ethnic Motifs Yoke Design Kurta with Trousers & With Dupatta,"Kurta, Trousers, Dupatta",3748,Teal,AHIKA,http://assets.myntassets.com/assets/images/16600750/2021/12/23/7d7656e5-e37d-4f61-9407-98bd341ca8f91640261029836KurtaSets1.jpg,1268,4.095425868,"Teal yoke design Kurta with Trousers with dupatta <br> <br> <b> Kurta design:  </b> <ul> <li> Ethnic motifs yoke design </li> <li> A-line shape </li> <li> Panelled style </li> <li> Keyhole neck,  three-quarter regular sleeves </li> <li> Calf length with flared hem </li> <li> Poly silk machine weave fabric </li> </ul> <br> <b> Trousers design:  </b> <ul> <li> Solid Trousers </li> <li> Partially elasticated waistband </li> <li> Zip closure </li> </ul>The model (height 5'8) is wearing a size S<br>Dupatta length 2.25 mtr Width 0.7 mtrKurta: Poly Silk<br>Bottom:&nbsp;Poly Silk<br>Dupatta: Art Silk<br>Hand wash","{'Add-Ons': 'NA', 'Body Shape ID': '333,424', 'Body or Garment Size': 'Garment Measurements in', 'Bottom Closure': 'Zip', 'Bottom Fabric': 'Poly Silk', 'Bottom Pattern': 'Solid', 'Bottom Type': 'Trousers', 'Character': 'NA', 'Dupatta': 'With Dupatta', 'Dupatta Border': 'Taping', 'Dupatta Fabric': 'Art Silk', 'Dupatta Pattern': 'Printed', 'Main Trend': 'NA', 'Neck': 'Keyhole Neck', 'Number of Pockets': 'NA', 'Occasion': 'Festive', 'Ornamentation': 'NA', 'Pattern Coverage': 'Yoke or Border', 'Print or Pattern Type': 'Ethnic Motifs', 'Sleeve Length': 'Three-Quarter Sleeves', 'Sleeve Styling': 'Regular Sleeves', 'Slit Detail': 'Multiple Slits', 'Stitch': 'Ready to Wear', 'Sustainable': 'Regular', 'Technique': 'NA', 'Top Design Styling': 'Panelled', 'Top Fabric': 'Poly Silk', 'Top Hemline': 'Flared', 'Top Length': 'Calf Length', 'Top Pattern': 'Yoke Design', 'Top Shape': 'A-Line', 'Top Type': 'Kurta', 'Waistband': 'Partially Elasticated', 'Wash Care': 'Hand Wash', 'Weave Pattern': 'Regular', 'Weave Type': 'Machine Weave'}"
9867983,Vishudh Women Navy Blue Floral Printed Regular Pure Cotton Kurta with Palazzos,"Kurta, Palazzos",2149,Navy Blue,Vishudh,http://assets.myntassets.com/assets/images/9867983/2019/5/31/43d65352-9853-498e-95a4-be514df0be901559294212152-Vishudh--Straight-Kurta-With-Crop-Palazzo-7041559294209627-1.jpg,2676,4.032884903,"Navy blue printed Kurta with Palazzos <br> <br> <b> Kurta design:  </b> <ul> <li> Floral printed </li> <li> Straight shape </li> <li> Regular style </li> <li> Mandarin collar,  three-quarter roll-up sleeves </li> <li> Calf length with straight hem </li> <li> Pure cotton machine weave fabric </li> </ul> <br> <b> Palazzos design:  </b> <ul> <li> Printed Palazzos </li> <li> Elasticated waistband </li> <li> Slip-on closure </li> </ul>Top fabric:  Pure Cotton <br> Bottom fabric:  Pure Cotton <br> Machine washThe model (height 5'8) is wearing a size S","{'Add-Ons': 'NA', 'Body Shape ID': '443,333,324,424', 'Body or Garment Size': 'Garment Measurements in', 'Bottom Closure': 'Slip-On', 'Bottom Fabric': 'Pure Cotton', 'Bottom Pattern': 'Printed', 'Bottom Type': 'Palazzos', 'Character': 'NA', 'Dupatta': 'NA', 'Dupatta Border': 'NA', 'Dupatta Fabric': 'NA', 'Dupatta Pattern': 'NA', 'Main Trend': 'Indigo', 'Neck': 'Mandarin Collar', 'Number of Pockets': 'NA', 'Occasion': 'Daily', 'Ornamentation': 'NA', 'Pattern Coverage': 'Large', 'Print or Pattern Type': 'Floral', 'Sleeve Length': 'Three-Quarter Sleeves', 'Sleeve Styling': 'Roll-Up Sleeves', 'Slit Detail': 'Side Slits', 'Stitch': 'Ready to Wear', 'Sustainable': 'Regular', 'Technique': 'Screen', 'Top Design Styling': 'Regular', 'Top Fabric': 'Pure Cotton', 'Top Hemline': 'Straight', 'Top Length': 'Calf Length', 'Top Pattern': 'Printed', 'Top Shape': 'Straight', 'Top Type': 'Kurta', 'Waistband': 'Elasticated', 'Wash Care': 'Machine Wash', 'Weave Pattern': 'Regular', 'Weave Type': 'Machine Weave'}"
14399798,Anouk Women Peach-Coloured Yoke Design Mirror-Work Kurta with Trousers & With Dupatta,"Kurta, Trousers, Dupatta",3799,Peach,Anouk,http://assets.myntassets.com/assets/images/14399798/2022/4/20/4a37718e-8942-479c-a7ea-0b074d53ee4b1650456566424AnoukWomenPeach-ColouredYokeDesignMirror-WorkKurtawithTrouse1.jpg,904,4.207964602,"Peach-coloured yoke design kurta with palazzos with dupatta<br><br><b>Kurta design: </b><ul><li>Ethnic motifs yoke design</li><li>Straight shape</li><li>Regular style</li><li>Round neck, three-quarter regular sleeves</li><li>Calf length with straight hem</li><li>Viscose rayon machine weave fabric</li></ul><b>Palazzos design: </b><ul><li>Solid trousers</li><li>Partially elasticated waistband</li><li>Slip-on closure</li><li>Two pockets</li></ul><b>Dupatta</b><ul><li>Solid dupatta</li></ul>Top fabric: 100% Viscose Rayon<br>Bottom fabric: 100% Viscose Rayon<br>Dupatta fabric: Poly Chiffon<br>Hand washThe model (height 58) is wearing a size S","{'Add-Ons': 'NA', 'Body Shape ID': '333,424', 'Body or Garment Size': 'To-Fit Denotes Body Measurements in', 'Bottom Closure': 'Slip-On', 'Bottom Fabric': 'Viscose Rayon', 'Bottom Pattern': 'Solid', 'Bottom Type': 'Trousers', 'Character': 'NA', 'Dupatta': 'With Dupatta', 'Dupatta Border': 'NA', 'Dupatta Fabric': 'Poly Chiffon', 'Dupatta Pattern': 'Solid', 'Main Trend': 'NA', 'Neck': 'Round Neck', 'Number of Pockets': '2', 'Occasion': 'Festive', 'Ornamentation': 'Mirror Work', 'Pattern Coverage': 'Yoke or Border', 'Print or Pattern Type': 'Ethnic Motifs', 'Sleeve Length': 'Three-Quarter Sleeves', 'Sleeve Styling': 'Regular Sleeves', 'Slit Detail': 'Side Slits', 'Stitch': 'Ready to Wear', 'Sustainable': 'Regular', 'Technique': 'NA', 'Top Design Styling': 'Regular', 'Top Fabric': 'Viscose Rayon', 'Top Hemline': 'Straight', 'Top Length': 'Calf Length', 'Top Pattern': 'Yoke Design', 'Top Shape': 'Straight', 'Top Type': 'Kurta', 'Waistband': 'Partially Elasticated', 'Wash Care': 'Hand Wash', 'Weave Pattern': 'Regular', 'Weave Type': 'Machine Weave', 'Wedding': 'Guests & Gifting'}"
18372852,SheWill Women Maroon Ethnic Motifs Yoke Design Thread Work Kurta with Trousers & With Dupatta,"Kurta, Trousers, Dupatta",6699,Maroon,SheWill,http://assets.myntassets.com/assets/images/18372852/2022/7/20/5910af54-3435-40d5-95d4-0ac2daf797f51658319613886-SheWill-Women-Maroon-Ethnic-Yoke-Design-Embroided-Kurta-with-1.jpg,,,"Maroon yoke design Kurta with Trousers with dupatta <br> <br> <b> Kurta design:  </b> <ul> <li> Ethnic motifs yoke design </li> <li> Straight shape </li> <li> Regular style </li> <li> Mandarin collar,  three-quarter regular sleeves </li> <li> Thread work detail </li> <li> Calf length with straight hem </li> <li> Silk blend machine weave fabric </li> </ul> <br> <b> Trousers design:  </b> <ul> <li> Solid Trousers </li> <li> Partially elasticated waistband </li> <li> Drawstring closure </li> </ul>The model (height 5'8) is wearing a size STop fabric: Silk Blend<br>Bottom fabric: Silk Blend<br>Dupatta fabric: Silk Chiffon<br>Dry clean","{'Add-Ons': 'NA', 'Body Shape ID': '333,424', 'Body or Garment Size': 'Garment Measurements in', 'Bottom Closure': 'Drawstring', 'Bottom Fabric': 'Silk Blend', 'Bottom Pattern': 'Solid', 'Bottom Type': 'Trousers', 'Character': 'NA', 'Dupatta': 'With Dupatta', 'Dupatta Border': 'Tassels', 'Dupatta Fabric': 'Silk Chiffon', 'Dupatta Pattern': 'Printed', 'Main Trend': 'NA', 'Neck': 'Mandarin Collar', 'Number of Pockets': 'NA', 'Occasion': 'Daily', 'Ornamentation': 'Thread Work', 'Pattern Coverage': 'Yoke or Border', 'Print or Pattern Type': 'Ethnic Motifs', 'Sleeve Length': 'Three-Quarter Sleeves', 'Sleeve Styling': 'Regular Sleeves', 'Slit Detail': 'Side Slits', 'Stitch': 'Ready to Wear', 'Sustainable': 'Regular', 'Technique': 'NA', 'Top Design Styling': 'Regular', 'Top Fabric': 'Silk Blend', 'Top Hemline': 'Straight', 'Top Length': 'Calf Length', 'Top Pattern': 'Yoke Design', 'Top Shape': 'Straight', 'Top Type': 'Kurta', 'Waistband': 'Partially Elasticated', 'Wash Care': 'Dry Clean', 'Weave Pattern': 'Regular', 'Weave Type': 'Machine Weave', 'Wedding': 'Bride & Wedding Squad', 'Where-to-wear': ''}"
15241816,Varanga Women Yellow & Peach-Coloured Floral Screen Printed Gotta Patti Straight Kurta,Kurta,2799,Yellow,Varanga,http://assets.myntassets.com/assets/images/15241816/2021/8/24/d57adb8b-e792-477a-8801-6ea570cd88ef1629800170287VarangaWomenYellowFloralPrintedKeyholeNeckThreadWorkKurta1.jpg,1811,4.057426836,"<ul><li>Colour: yellow and peach coloured</li><li>Floral screen printed</li><li>Round neck</li><li>Three-quarter, regular sleeves</li><li>Straight shape with regular style</li><li>Gotta patti detail</li><li>Calf length with straight hem</li><li>Machine weave regular cotton</li></ul>Cotton <br> Hand wash<br> The model (height 5'8) is wearing a size S","{'Body Shape ID': '424', 'Body or Garment Size': 'To-Fit Denotes Body Measurements in', 'Colour Family': 'Bright', 'Design Styling': 'Regular', 'Fabric': 'Cotton', 'Fabric 2': 'NA', 'Fabric Purity': 'Pure', 'Hemline': 'Straight', 'Length': 'Calf Length', 'Main Trend': 'Floral', 'Neck': 'Round Neck', 'Number of Pockets': 'NA', 'Occasion': 'Daily', 'Ornamentation': 'Gotta Patti', 'Pattern': 'Printed', 'Print or Pattern Type': 'Floral', 'Shape': 'Straight', 'Sleeve Length': 'Three-Quarter Sleeves', 'Sleeve Styling': 'Regular Sleeves', 'Slit Detail': 'Side Slits', 'Stitch': 'Ready to Wear', 'Sustainable': 'Regular', 'Technique': 'Screen Print', 'Wash Care': 'Hand Wash', 'Weave Pattern': 'Regular', 'Weave Type': 'Machine Weave'}"
10808284,AHIKA Floral Print Straight Cotton Kurta With Keyhole Neck,Kurta,1198,Green,AHIKA,http://assets.myntassets.com/assets/images/10808284/2019/10/30/c35d059d-a357-4863-bcb1-eacd8c988fb01572422803188-AHIKA-Women-Kurtas-8841572422802083-1.jpg,16219,4.093285653,"Make a statement with this green kurta that embodies the beauty of simple style. This straight kurta with pastel floral print all-over accents keyhole neck that makes for an ideal piece for both day and night<br>&nbsp;<ul><li>Colour: Green with white floral accents</li><li>keyhole neck&nbsp;</li><li>3/Q roll-up sleeves</li><li>straight silhouette&nbsp;with a firm drape</li><li>Knee length</li><li>Cotton, Machine-wash</li><li>The model (height 5'8"") is wearing a size S</li></ul>The model (height 5'8"") is wearing a size S","{'Body Shape ID': '424', 'Body or Garment Size': 'Garment Measurements in', 'Colour Family': 'Pastel', 'Design Styling': 'Regular', 'Fabric': 'Cotton', 'Fabric 2': 'NA', 'Fabric Purity': 'Pure', 'Hemline': 'Straight', 'Length': 'Calf Length', 'Main Trend': 'Floral', 'Neck': 'Keyhole Neck', 'Number of Pockets': 'NA', 'Occasion': 'Daily', 'Ornamentation': 'NA', 'Pattern': 'Printed', 'Print or Pattern Type': 'Floral', 'Shape': 'Straight', 'Sleeve Length': 'Three-Quarter Sleeves', 'Sleeve Styling': 'Roll-Up Sleeves', 'Slit Detail': 'Side Slits', 'Stitch': 'Ready to Wear', 'Sustainable': 'Regular', 'Technique': 'NA', 'Wash Care': 'Machine Wash', 'Weave Pattern': 'Regular', 'Weave Type': 'Machine Weave'}"
14376546,Anouk Women Black & Orange Bandhani Printed Kurta,Kurta,1699,Black,Anouk,http://assets.myntassets.com/assets/images/14376546/2021/6/11/3a61f2ab-7905-4efc-84e8-df1f74fa08201623409397327-Anouk-Women-Kurtas-1031623409396642-1.jpg,1086,4.370165746,"<ul><li>Colour: black and orange</li><li>Bandhani printed</li><li>Mandarin collar</li><li>Button closure</li><li>Sleeveless, no sleeves</li><li>A-line shape with regular style</li><li>Calf length with flared hem</li><li>Machine weave regular viscose rayon</li></ul>The model (height 5'8) is wearing a size SViscose rayon <br> Machine wash","{'Body Shape ID': '424', 'Body or Garment Size': 'To-Fit Denotes Body Measurements in', 'Colour Family': 'Monochrome', 'Design Styling': 'Regular', 'Fabric': 'Viscose Rayon', 'Fabric 2': 'NA', 'Fabric Purity': 'Synthetic', 'Hemline': 'Flared', 'Length': 'Calf Length', 'Main Trend': 'NA', 'Neck': 'Mandarin Collar', 'Number of Pockets': 'NA', 'Occasion': 'Daily', 'Ornamentation': 'NA', 'Pattern': 'Printed', 'Print or Pattern Type': 'Bandhani', 'Shape': 'A-Line', 'Sleeve Length': 'Sleeveless', 'Sleeve Styling': 'No Sleeves', 'Slit Detail': 'Side Slits', 'Stitch': 'Ready to Wear', 'Sustainable': 'Regular', 'Technique': 'Foil Print', 'Wash Care': 'Machine Wash', 'Weave Pattern': 'Regular', 'Weave Type': 'Machine Weave'}"
19240164,Charu Women Navy Blue Floral Embroidered Thread Work Kurta,Kurta,3099,Navy Blue,Charu,http://assets.myntassets.com/assets/images/19240164/2022/7/25/3e9c355b-20e6-42d0-8480-7046979f87711658733247220CharuWomenNavyBlueStripedThreadWorkKurta1.jpg,,,"<ul> <li> Colour: navy blue </li> <li> Floral embroidered </li> <li> Boat neck </li> <li> Three-quarter,  regular sleeves </li> <li> Straight shape with regular style </li> <li> Thread work detail </li> <li> Calf length with straight hem </li> <li> Knitted regular viscose rayon </li> </ul><br> The model (height 5'8) is wearing a size SViscose Rayon<br>Hand Wash","{'Body Shape ID': '424', 'Body or Garment Size': 'Garment Measurements in', 'Care for me': 'Follow the washcare label on garment. Use cold water with mild detergents when handwashing or opt for delicate setting when machine washing<br>\r\nAlways wash inside-out to preserve colour<br>\r\nNever wring or tumble dry. Dry flat on a towel or hang on coat hangers<br>\r\nIron on the reverse side with medium heat', 'Colour Family': 'Earthy', 'Design Styling': 'Regular', 'Fabric': 'Viscose Rayon', 'Fabric 2': 'NA', 'Fabric Purity': 'Blended', 'Hemline': 'Straight', 'Length': 'Calf Length', 'Main Trend': 'NA', 'Neck': 'Boat Neck', 'Number of Pockets': 'NA', 'Occasion': 'Daily', 'Ornamentation': 'Thread Work', 'Pattern': 'Embroidered', 'Print or Pattern Type': 'Floral', 'Shape': 'Straight', 'Sleeve Length': 'Three-Quarter Sleeves', 'Sleeve Styling': 'Regular Sleeves', 'Slit Detail': 'Side Slits', 'Stitch': 'Ready to Wear', 'Sustainable': 'Regular', 'Technique': 'NA', 'Wash Care': 'Hand Wash', 'Weave Pattern': 'Regular', 'Weave Type': 'Knitted', 'Wedding': 'NA'}"
15055304,Libas Women Blue Embroidered Panelled Kurta with Churidar & With Dupatta,"Kurta, Churidar, Dupatta",4999,Blue,Libas,http://assets.myntassets.com/assets/images/15055304/2021/8/27/0d391a8b-ea8c-4258-86d5-a99b9f3f34201630040200642-Libas-Women-Kurta-Sets-5941630040199555-1.jpg,544,4.338235294,"Blue embroidered Kurta with Churidar with dupatta <br> <br> <b> Kurta design:  </b> <ul> <li> Geometric embroidered </li> <li> A-line shape </li> <li> Panelled style </li> <li> Round neck,  long regular sleeves </li> <li> 2 pockets </li> <li> Floor length with flared hem </li> <li> Poly georgette machine weave fabric </li> </ul> <br> <b> Churidar design:  </b> <ul> <li> Solid Churidar </li> <li> Elasticated waistband </li> <li> Slip-on closure </li> </ul>Top fabric:  Poly Georgette <br> Bottom fabric:  Silk Blend <br> Dupatta fabric:  Net <br> Hand washThe model (height 5'8) is wearing a size S","{'Add-Ons': 'NA', 'Body Shape ID': '333,424', 'Body or Garment Size': 'Garment Measurements in', 'Bottom Closure': 'Slip-On', 'Bottom Fabric': 'Silk Blend', 'Bottom Pattern': 'Solid', 'Bottom Type': 'Churidar', 'Character': 'NA', 'Dupatta': 'With Dupatta', 'Dupatta Border': 'Taping', 'Dupatta Fabric': 'Net', 'Dupatta Pattern': 'Solid', 'Main Trend': 'NA', 'Neck': 'Round Neck', 'Number of Pockets': '2', 'Occasion': 'Festive', 'Ornamentation': 'NA', 'Pattern Coverage': 'Large', 'Print or Pattern Type': 'Geometric', 'Sleeve Length': 'Long Sleeves', 'Sleeve Styling': 'Regular Sleeves', 'Slit Detail': 'NA', 'Stitch': 'Ready to Wear', 'Sustainable': 'Regular', 'Technique': 'NA', 'Top Design Styling': 'Panelled', 'Top Fabric': 'Poly Georgette', 'Top Hemline': 'Flared', 'Top Length': 'Floor Length', 'Top Pattern': 'Embroidered', 'Top Shape': 'A-Line', 'Top Type': 'Kurta', 'Waistband': 'Elasticated', 'Wash Care': 'Hand Wash', 'Weave Pattern': 'Regular', 'Weave Type': 'Machine Weave', 'Wedding': 'Guests & Gifting'}"
14649544,JAIPURI BUNAAI Women Blue & Orange Ethnic Motifs Printed Kurta With Trousers & Dupatta,"Kurta, Trousers, Dupatta",3999,Blue,JAIPURI BUNAAI,http://assets.myntassets.com/assets/images/productimage/2021/6/25/d6b74d2b-825f-4b34-af01-9d6336045bdb1624612149604-1.jpg,1576,4.044416244,"Blue printed Kurta with Trousers with dupatta<br><br><b>Kurta design: </b><ul><li>Ethnic motifs printed</li><li>Straight shape</li><li>Regular style</li><li>Round neck, three-quarter regular sleeves</li><li>Calf length with straight hem</li><li>Viscose rayon machine weave fabric</li></ul><br><b>Trousers design: </b><ul><li>Printed Trousers</li><li>Elasticated waistband</li><li>Slip-on closure</li></ul><b>Dupatta design: </b><ul><li>Printed dupatta</li><li>Solid border</li></ul>Top fabric:  Viscose Rayon <br> Bottom fabric:  Viscose Rayon <br> Dupatta fabric:  Viscose Rayon <br> Machine washThe model (height 5'8) is wearing a size S","{'Add-Ons': 'NA', 'Body Shape ID': '333,424', 'Body or Garment Size': 'Garment Measurements in', 'Bottom Closure': 'Slip-On', 'Bottom Fabric': 'Viscose Rayon', 'Bottom Pattern': 'Printed', 'Bottom Type': 'Trousers', 'Character': 'NA', 'Dupatta': 'With Dupatta', 'Dupatta Border': 'Solid', 'Dupatta Fabric': 'Viscose Rayon', 'Dupatta Pattern': 'Printed', 'Main Trend': 'Indigo', 'Neck': 'Round Neck', 'Number of Pockets': 'NA', 'Occasion': 'Daily', 'Ornamentation': 'NA', 'Pattern Coverage': 'Small', 'Print or Pattern Type': 'Ethnic Motifs', 'Sleeve Length': 'Three-Quarter Sleeves', 'Sleeve Styling': 'Regular Sleeves', 'Slit Detail': 'Side Slits', 'Stitch': 'Ready to Wear', 'Sustainable': 'Regular', 'Technique': 'NA', 'Top Design Styling': 'Regular', 'Top Fabric': 'Viscose Rayon', 'Top Hemline': 'Straight', 'Top Length': 'Calf Length', 'Top Pattern': 'Printed', 'Top Shape': 'Straight', 'Top Type': 'Kurta', 'Waistband': 'Elasticated', 'Wash Care': 'Machine Wash', 'Weave Pattern': 'Regular', 'Weave Type': 'Machine Weave'}"
17581924,KALINI Women Sea Green Floral Yoke Design Pleated Pure Cotton Top with Skirt & With Dupatta,"Top, Skirt, Dupatta",3999,Sea Green,KALINI,http://assets.myntassets.com/assets/images/17581924/2022/3/19/07adcdf7-eee1-4077-b55c-f6608caaa6f01647663614971KALINIWomenSeaGreenFloralYokeDesignPleatedPureCottonTopwithS4.jpg,242,3.94214876,"Sea green yoke design Top with Skirt with dupatta <br> <br> <b> Top design:  </b> <ul> <li> Floral yoke design </li> <li> A-line shape </li> <li> Pleated style </li> <li> V-neck,  short flared sleeves </li> <li> Na pockets </li> <li> Above knee length with curved hem </li> <li> Pure cotton machine weave fabric </li> </ul> <br> <b> Skirt design:  </b> <ul> <li> Printed Skirt </li> <li> Elasticated waistband </li> <li> Zip closure </li> </ul>The model (height 5'8) is wearing a size S<p>Machine Wash as per Tag</p>","{'Add-Ons': 'NA', 'Body Shape ID': '443,333,324,424', 'Body or Garment Size': 'To-Fit Denotes Body Measurements in', 'Bottom Closure': 'Zip', 'Bottom Fabric': 'Pure Cotton', 'Bottom Pattern': 'Printed', 'Bottom Type': 'Skirt', 'Character': 'NA', 'Dupatta': 'With Dupatta', 'Dupatta Border': 'Printed', 'Dupatta Fabric': 'Pure Cotton', 'Dupatta Pattern': 'Printed', 'Neck': 'V-Neck', 'Number of Pockets': 'NA', 'Occasion': 'Daily', 'Ornamentation': 'NA', 'Pattern Coverage': 'Large', 'Print or Pattern Type': 'Floral', 'Sleeve Length': 'Short Sleeves', 'Sleeve Styling': 'Flared Sleeves', 'Slit Detail': 'Front Slit', 'Stitch': 'Ready to Wear', 'Sustainable': 'Sustainable', 'Technique': 'NA', 'Top Design Styling': 'Pleated', 'Top Fabric': 'Pure Cotton', 'Top Hemline': 'Curved', 'Top Length': 'Above Knee', 'Top Pattern': 'Yoke Design', 'Top Shape': 'A-Line', 'Top Type': 'Top', 'Waistband': 'Elasticated', 'Wash Care': 'Machine Wash', 'Weave Pattern': 'Regular', 'Weave Type': 'Machine Weave'}"
13810898,Indo Era Women Blue & Green Printed Kurta with Palazzos & Dupatta,"Kurta, Palazzos, Dupatta",4599,Blue,Indo Era,http://assets.myntassets.com/assets/images/13810898/2021/4/6/6bc412bb-3cc6-4def-8833-f5580b0cc06a1617706648250-Indo-Era-Green-Printed-Straight-Kurta-Palazzo-With-Dupatta-S-1.jpg,1717,4.299941759,"Blue and green printed kurta with palazzos and dupatta<br>Blue and green straight calf length kurta, has a mandarin collar, three-quarter sleeves, side slits<br>Green solid palazzos, has partially elasticated waistband, slip-on closure<br>Blue and green printed dupatta, has printed borderThe model (height 5'8"") is wearing a size SKurta fabric: pure cotton<br>Bottom fabric: pure cotton<br>Dupatta fabric: pure cotton<br>Hand-wash","{'Add-Ons': 'NA', 'Body Shape ID': '443,333,324,424', 'Body or Garment Size': 'Garment Measurements in', 'Bottom Closure': 'Slip-On', 'Bottom Fabric': 'Pure Cotton', 'Bottom Pattern': 'Solid', 'Bottom Type': 'Palazzos', 'Character': 'NA', 'Dupatta': 'With Dupatta', 'Dupatta Border': 'Printed', 'Dupatta Fabric': 'Pure Cotton', 'Dupatta Pattern': 'Printed', 'Main Trend': 'NA', 'Neck': 'Mandarin Collar', 'Number of Pockets': 'NA', 'Occasion': 'Festive', 'Ornamentation': 'NA', 'Pattern Coverage': 'Large', 'Print or Pattern Type': 'Ethnic Motifs', 'Sleeve Length': 'Three-Quarter Sleeves', 'Sleeve Styling': 'Regular Sleeves', 'Slit Detail': 'Side Slits', 'Stitch': 'Ready to Wear', 'Sustainable': 'Regular', 'Technique': 'NA', 'Top Design Styling': 'Regular', 'Top Fabric': 'Pure Cotton', 'Top Hemline': 'Straight', 'Top Length': 'Calf Length', 'Top Pattern': 'Printed', 'Top Shape': 'Straight', 'Top Type': 'Kurta', 'Waistband': 'Partially Elasticated', 'Wash Care': 'Hand Wash', 'Weave Pattern': 'Regular', 'Weave Type': 'Machine Weave'}"
15150620,Anouk Women Pink & Blue Ethnic Motifs Embroidered Kurta with Trousers & With Dupatta,"Kurta, Trousers, Dupatta",3899,Pink,Anouk,http://assets.myntassets.com/assets/images/15150620/2021/9/8/b1bd0687-7533-428d-8258-d29c793fc4541631092430795-Anouk-Women-Kurta-Sets-941631092429795-1.jpg,273,4.084249084,Pink embroidered Kurta with Trousers with dupatta<br><br><b>Kurta design: </b><ul><li>Ethnic motifs embroidered</li><li>Straight shape</li><li>Regular style</li><li>Round neck</li><li>Tree-quarter regular sleeves</li><li>Sequinned detail</li><li>Calf length&nbsp;</li><li>Straight hem</li><li>Side details</li><li>Viscose rayon knitted and woven fabric</li></ul><br><b>Trousers design: </b><ul><li>Solid Trousers</li><li>Partially elasticated waistband</li><li>Slip-on closure</li></ul>Embroidered dupattaTop fabric: Viscose Silk<br>Bottom fabric: Viscose Silk<br>Dupatta fabric: Organza<br>Machine washThe model (height 5'8) is wearing a size S,"{'Add-Ons': 'NA', 'Body Shape ID': '333,424', 'Body or Garment Size': 'To-Fit Denotes Body Measurements in', 'Bottom Closure': 'Slip-On', 'Bottom Fabric': 'Viscose Rayon', 'Bottom Pattern': 'Solid', 'Bottom Type': 'Trousers', 'Character': 'NA', 'Dupatta': 'With Dupatta', 'Dupatta Border': 'NA', 'Dupatta Fabric': 'Organza', 'Dupatta Pattern': 'Embroidered', 'Main Trend': 'NA', 'Neck': 'Round Neck', 'Number of Pockets': '1', 'Occasion': 'Festive', 'Ornamentation': 'Sequinned', 'Pattern Coverage': 'Yoke or Border', 'Print or Pattern Type': 'Ethnic Motifs', 'Sleeve Length': 'Three-Quarter Sleeves', 'Sleeve Styling': 'Regular Sleeves', 'Slit Detail': 'Side Slits', 'Stitch': 'Ready to Wear', 'Sustainable': 'Regular', 'Technique': 'NA', 'Top Design Styling': 'Regular', 'Top Fabric': 'Viscose Rayon', 'Top Hemline': 'Straight', 'Top Length': 'Calf Length', 'Top Pattern': 'Embroidered', 'Top Shape': 'Straight', 'Top Type': 'Kurta', 'Waistband': 'Partially Elasticated', 'Wash Care': 'Machine Wash', 'Weave Pattern': 'Regular', 'Weave Type': 'Knitted and Woven'}"
19240246,TOULIN Women Teal Floral Panelled Kurta with Palazzos & With Dupatta,"Kurta, Palazzos, Dupatta",4299,Teal,TOULIN,http://assets.myntassets.com/assets/images/19240246/2022/7/25/64e975d5-dbda-4c09-87c0-c5152f9e82c71658736715566TOULINWomenTealFloralAngrakhaKurtiwithPalazzosWithDupatta1.jpg,,,"Teal solid Kurta with Palazzos with dupatta <br> <br> <b> Kurta design:  </b> <ul> <li> Floral solid </li> <li> Anarkali shape </li> <li> Panelled style </li> <li> Round neck,  long regular sleeves </li> <li> Floor length with flared hem </li> <li> Art silk knitted fabric </li> </ul> <br> <b> Palazzos design:  </b> <ul> <li> Self design Palazzos </li> <li> Elasticated waistband </li> <li> Slip-on closure </li> </ul><p>DRY CLEAN ONLY</p>The model (height 5'8) is wearing a size S","{'Add-Ons': 'NA', 'Body Shape ID': '443,333,324,424', 'Body or Garment Size': 'Garment Measurements in', 'Bottom Closure': 'Slip-On', 'Bottom Fabric': 'Art Silk', 'Bottom Pattern': 'Self Design', 'Bottom Type': 'Palazzos', 'Character': 'NA', 'Dupatta': 'With Dupatta', 'Dupatta Border': 'Taping', 'Dupatta Fabric': 'Art Silk', 'Dupatta Pattern': 'Self Design', 'Main Trend': 'NA', 'Neck': 'Round Neck', 'Number of Pockets': 'NA', 'Occasion': 'Festive', 'Ornamentation': 'NA', 'Pattern Coverage': 'Large', 'Print or Pattern Type': 'Floral', 'Sleeve Length': 'Long Sleeves', 'Sleeve Styling': 'Regular Sleeves', 'Slit Detail': 'NA', 'Stitch': 'Ready to Wear', 'Sustainable': 'Regular', 'Technique': 'NA', 'Top Design Styling': 'Panelled', 'Top Fabric': 'Art Silk', 'Top Hemline': 'Flared', 'Top Length': 'Floor Length', 'Top Pattern': 'Solid', 'Top Shape': 'Anarkali', 'Top Type': 'Kurta', 'Waistband': 'Elasticated', 'Wash Care': 'Dry Clean', 'Weave Pattern': 'Regular', 'Weave Type': 'Knitted', 'Wedding': 'NA'}"
12766966,Ishin Women Red & Orange Bandhani Print Anarkali Kurta,"Kurta, Anarkali",5399,Red,Ishin,http://assets.myntassets.com/assets/images/12766966/2020/11/19/d1a4cc48-ff90-47ab-ad36-800743e83d641605767381033-Ishin-Womens-Rayon-Red-Bandhani-Print-Embellished-Anarkali-K-1.jpg,2391,4.204935174,"Red, orange and pink bandhani printed anarkali kurta with gotta patti detailing, has a round neck, three-quarter sleeves, and flared hemMaterial: Viscose Rayon<br>  Dry CleanThe model (height 5'8"") is wearing a size S","{'Body Shape ID': '424', 'Body or Garment Size': 'Garment Measurements in', 'Colour Family': 'Bright', 'Design Styling': 'Regular', 'Fabric': 'Viscose Rayon', 'Fabric 2': 'NA', 'Fabric Purity': 'Pure', 'Hemline': 'Flared', 'Length': 'Ankle Length', 'Main Trend': 'Floral', 'Neck': 'Round Neck', 'Number of Pockets': 'NA', 'Occasion': 'Festive', 'Ornamentation': 'Gotta Patti', 'Pattern': 'Printed', 'Print or Pattern Type': 'Bandhani', 'Shape': 'Anarkali', 'Sleeve Length': 'Three-Quarter Sleeves', 'Sleeve Styling': 'Regular Sleeves', 'Slit Detail': 'NA', 'Stitch': 'Ready to Wear', 'Sustainable': 'Regular', 'Technique': 'Bandhani', 'Wash Care': 'Dry Clean', 'Weave Pattern': 'Regular', 'Weave Type': 'Machine Weave', 'Wedding': 'Bride & Wedding Squad'}"
14023594,Libas Women Maroon Printed Kurta with Palazzos & Dupatta,"Kurta, Palazzos, Dupatta",3999,Maroon,Libas,http://assets.myntassets.com/assets/images/productimage/2021/4/5/195aae75-105f-44f3-95d8-04c04501de851617598475258-1.jpg,1243,4.310539019,"Maroon printed kurta with palazzos and dupatta<br> Maroon A-line calf length kurta, has a V-neck, three-quarter sleeves, front slit<br>Maroon  printed palazzos, has partially elasticated waistband, slip-on closure<br>Maroon printed dupatta, has taping borderThe model (height 5'8"") is wearing a size SKurta fabric: pure cotton<br>Bottom fabric: pure cotton<br>Dupatta fabric: pure cotton<br>Machine-wash","{'Add-Ons': 'NA', 'Body Shape ID': '443,333,324,424', 'Body or Garment Size': 'Garment Measurements in', 'Bottom Closure': 'Slip-On', 'Bottom Fabric': 'Pure Cotton', 'Bottom Pattern': 'Printed', 'Bottom Type': 'Palazzos', 'Character': 'NA', 'Dupatta': 'With Dupatta', 'Dupatta Border': 'Taping', 'Dupatta Fabric': 'Pure Cotton', 'Dupatta Pattern': 'Printed', 'Main Trend': 'NA', 'Neck': 'V-Neck', 'Number of Pockets': 'NA', 'Occasion': 'Daily', 'Ornamentation': 'NA', 'Pattern Coverage': 'Large', 'Print or Pattern Type': 'Ethnic Motifs', 'Sleeve Length': 'Three-Quarter Sleeves', 'Sleeve Styling': 'Flared Sleeves', 'Slit Detail': 'Front Slit', 'Stitch': 'Ready to Wear', 'Sustainable': 'Regular', 'Technique': 'NA', 'Top Design Styling': 'Angrakha', 'Top Fabric': 'Pure Cotton', 'Top Hemline': 'Flared', 'Top Length': 'Calf Length', 'Top Pattern': 'Printed', 'Top Shape': 'A-Line', 'Top Type': 'Kurta', 'Waistband': 'Partially Elasticated', 'Wash Care': 'Machine Wash', 'Weave Pattern': 'Regular', 'Weave Type': 'Knitted and Woven'}"
14346084,Nayo Women Pink & Off-White Floral Screen Print A-Line Pure Cotton Kurta Set With Dupatta,"Kurta Set, Dupatta",3699,Pink,Nayo,http://assets.myntassets.com/assets/images/productimage/2021/5/19/3d4648ec-8534-4333-ba00-71f016a7889c1621410078449-1.jpg,1247,4.256615878,"Pink and white Floral Screen Print A-Line Pure Cotton Kurta Set With Dupatta<br><br><b>Kurti design: </b><ul><li>Floral printed</li><li>A-line design</li><li>Regular&nbsp;style</li><li>Round neck, three-quarter regular sleeve</li><li>Calf length with flared hem</li><li>Machine weave regular</li></ul><br><b>Trousers design: </b><ul><li>Printed</li><li>Elasticated waistband</li><li>Slip-on closure</li><li>Comes with a Dupatta</li></ul>Top fabric:  Pure Cotton <br> Bottom fabric:  Pure Cotton <br> Dupatta fabric:  Cotton Blend <br> Machine washDupatta length: 2.25 metre (approx.)<br>The model (height 58) is wearing a size S","{'Add-Ons': 'NA', 'Body Shape ID': '333,424', 'Body or Garment Size': 'Garment Measurements in', 'Bottom Closure': 'Slip-On', 'Bottom Fabric': 'Pure Cotton', 'Bottom Pattern': 'Printed', 'Bottom Type': 'Trousers', 'Character': 'NA', 'Dupatta': 'With Dupatta', 'Dupatta Border': 'Printed', 'Dupatta Fabric': 'Cotton Blend', 'Dupatta Pattern': 'Printed', 'Main Trend': 'NA', 'Neck': 'Round Neck', 'Number of Pockets': 'NA', 'Occasion': 'Daily', 'Ornamentation': 'NA', 'Pattern Coverage': 'Large', 'Print or Pattern Type': 'Floral', 'Sleeve Length': 'Three-Quarter Sleeves', 'Sleeve Styling': 'Regular Sleeves', 'Slit Detail': 'NA', 'Stitch': 'Ready to Wear', 'Sustainable': 'Regular', 'Technique': 'Screen', 'Top Design Styling': 'Regular', 'Top Fabric': 'Pure Cotton', 'Top Hemline': 'Flared', 'Top Length': 'Calf Length', 'Top Pattern': 'Printed', 'Top Shape': 'A-Line', 'Top Type': 'Kurta', 'Waistband': 'Elasticated', 'Wash Care': 'Machine Wash', 'Weave Pattern': 'Regular', 'Weave Type': 'Machine Weave'}"
18829920,Virah Fashion Women Lime Green Embroidered Layered Thread Work Top with Sharara & With Dupatta,"Top, Sharara, Dupatta",4999,Lime Green,Virah Fashion,http://assets.myntassets.com/assets/images/18829920/2022/6/23/4df23875-c0d5-4e8d-bf0e-b1a6e39fd6581655970565935VirahFashionWomenLimeGreenEmbroideredLayeredThreadWorkTopwit1.jpg,20,4.35,"Lime green embroidered Top with Sharara with dupatta <br> <br> <b> Top design:  </b> <ul> <li> Geometric embroidered </li> <li> A-line shape </li> <li> Layered style </li> <li> Boat neck,  sleeveless no sleeves </li> <li> Na pockets thread work detail </li> <li> Above knee length with straight hem </li> <li> Poly georgette knitted fabric </li> </ul> <br> <b> Sharara design:  </b> <ul> <li> Embroidered Sharara </li> <li> Elasticated waistband </li> <li> Zip closure </li> </ul><p>50 %Polyster And 50 % cottton georgette</p>The model (height 5'8) is wearing a size S","{'Add-Ons': 'NA', 'Body Shape ID': '443,333,324,424', 'Body or Garment Size': 'Garment Measurements in', 'Bottom Closure': 'Zip', 'Bottom Fabric': 'Poly Georgette', 'Bottom Pattern': 'Embroidered', 'Bottom Type': 'Sharara', 'Character': 'NA', 'Dupatta': 'With Dupatta', 'Dupatta Border': 'Taping', 'Dupatta Fabric': 'Poly Georgette', 'Dupatta Pattern': 'Embroidered', 'Main Trend': 'Floral', 'Neck': 'Boat Neck', 'Number of Pockets': 'NA', 'Occasion': 'Festive', 'Ornamentation': 'Thread Work', 'Pattern Coverage': 'Large', 'Print or Pattern Type': 'Geometric', 'Sleeve Length': 'Sleeveless', 'Sleeve Styling': 'No Sleeves', 'Slit Detail': 'Multiple Slits', 'Stitch': 'Ready to Wear', 'Sustainable': 'Regular', 'Technique': 'NA', 'Top Design Styling': 'Layered', 'Top Fabric': 'Poly Georgette', 'Top Hemline': 'Straight', 'Top Length': 'Above Knee', 'Top Pattern': 'Embroidered', 'Top Shape': 'A-Line', 'Top Type': 'Top', 'Waistband': 'Elasticated', 'Wash Care': 'Dry Clean', 'Weave Pattern': 'Regular', 'Weave Type': 'Knitted'}"
11459658,Indo Era Folksy Floral Screen Print Cotton Kurta Set,Kurta Set,4999,Burgundy,Indo Era,http://assets.myntassets.com/assets/images/11459658/2020/2/15/9b7f8d3f-e48f-4618-8eac-32cee1a0d4111581757541745-Indo-Era-Maroon-Floral-Printed-A-Line-Kurta-with-Palazzo-Set-1.jpg,7031,4.222585692,"This set includes: Kurta, Trousers and Dupatta<br><br>The robust flowy silhouette of this piece stands out on its own, as does the ethnic floral patterning all over. Crafted with precision, the intricate stencilling techniques and gotta lace panelling has given this kurta set a sharp edged finishing. If daily comfort with a design marvel is what you're looking for in your ethnic wear, then you've stumbled upon the right thing here!<ul><li><b>Kurta:</b><br>Mulberry screen printed ethnic floral pattern all-over with gotta lace, boat neck, 3/4th sleeves, mid calf-length with flared hem</li><li><b>Trousers:</b><br>Blushed tone in clean crop-cut, semi-elasticated waistline with slip-on styling</li><li><b>Dupatta:</b><br>Ethnic screen print with striped and solid alternate bordering</li><li>Pure cotton, hand-wash</li><li>The model (height 5'8"") is wearing a size S</li></ul>","{'Add-Ons': 'NA', 'Body Shape ID': '333,424', 'Body or Garment Size': 'Garment Measurements in', 'Bottom Closure': 'Slip-On', 'Bottom Fabric': 'Pure Cotton', 'Bottom Pattern': 'Solid', 'Bottom Type': 'Trousers', 'Character': 'NA', 'Dupatta': 'With Dupatta', 'Dupatta Border': 'Solid', 'Dupatta Fabric': 'Pure Cotton', 'Dupatta Pattern': 'Printed', 'Main Trend': 'NA', 'Neck': 'Boat Neck', 'Number of Pockets': 'NA', 'Occasion': 'Daily', 'Ornamentation': 'Gotta Patti', 'Pattern Coverage': 'Small', 'Print or Pattern Type': 'Floral', 'Sleeve Length': 'Three-Quarter Sleeves', 'Sleeve Styling': 'Regular Sleeves', 'Slit Detail': 'NA', 'Stitch': 'Ready to Wear', 'Sustainable': 'Regular', 'Technique': 'Screen', 'Top Design Styling': 'Panelled', 'Top Fabric': 'Pure Cotton', 'Top Hemline': 'Curved', 'Top Length': 'Calf Length', 'Top Pattern': 'Printed', 'Top Shape': 'A-Line', 'Top Type': 'Kurta', 'Waistband': 'Partially Elasticated', 'Wash Care': 'Hand Wash', 'Weave Pattern': 'Regular', 'Weave Type': 'Machine Weave'}"
16522612,Kvsfab Women Pink Floral Embroidered Gotta Patti Kurta with Skirt & With Dupatta,"Kurta, Skirt, Dupatta",6899,Pink,Kvsfab,http://assets.myntassets.com/assets/images/16522612/2021/12/27/ee378dc7-1065-4ae0-8cb6-4afb40cc27581640597727510-KVS-Fab-Pink-Rayon-Foli-Print--Stitched-Embroidery--Kurta-Se-1.jpg,253,4.363636364,"Pink embroidered Kurta with Skirt with dupatta <br> <br> <b> Kurta design:  </b> <ul> <li> Floral embroidered </li> <li> Straight shape </li> <li> Regular style </li> <li> Round neck,  three-quarter regular sleeves </li> <li> Gotta patti detail </li> <li> Calf length with straight hem </li> <li> Viscose rayon machine weave fabric </li> </ul> <br> <b> Skirt design:  </b> <ul> <li> Embroidered Skirt </li> <li> Drawstring closure </li> </ul>The model (height 5'8) is wearing a size SSilk blend<br>Dry clean only","{'Add-Ons': 'NA', 'Body Shape ID': '443,333,324,424', 'Body or Garment Size': 'Garment Measurements in', 'Bottom Closure': 'Drawstring', 'Bottom Fabric': 'Viscose Rayon', 'Bottom Pattern': 'Embroidered', 'Bottom Type': 'Skirt', 'Character': 'NA', 'Dupatta': 'With Dupatta', 'Dupatta Border': 'Taping', 'Dupatta Fabric': 'Silk Blend', 'Dupatta Pattern': 'Solid', 'Main Trend': 'NA', 'Neck': 'Round Neck', 'Number of Pockets': 'NA', 'Occasion': 'Festive', 'Ornamentation': 'Gotta Patti', 'Pattern Coverage': 'Large', 'Print or Pattern Type': 'Floral', 'Sleeve Length': 'Three-Quarter Sleeves', 'Sleeve Styling': 'Regular Sleeves', 'Slit Detail': 'Side Slits', 'Stitch': 'Ready to Wear', 'Sustainable': 'Regular', 'Technique': 'Foil', 'Top Design Styling': 'Regular', 'Top Fabric': 'Viscose Rayon', 'Top Hemline': 'Straight', 'Top Length': 'Calf Length', 'Top Pattern': 'Embroidered', 'Top Shape': 'Straight', 'Top Type': 'Kurta', 'Waistband': 'NA', 'Wash Care': 'Dry Clean', 'Weave Pattern': 'Regular', 'Weave Type': 'Machine Weave'}"
15150642,Anouk Women Teal Blue & Pink Yoke Design Regular Kurta with Trousers & Dupatta,"Kurta, Trousers, Dupatta",3899,Teal,Anouk,http://assets.myntassets.com/assets/images/15150642/2021/9/9/68ccde4c-f0fe-487d-9fa2-0aa4231a7dcf1631170046519-Anouk-Women-Kurta-Sets-801631170045543-1.jpg,228,3.99122807,"Teal blue &amp; Pink yoke design Kurta with Trousers with dupatta<br><br><b>Kurta design: </b><ul><li>Solid yoke design</li><li>Straight shape</li><li>Regular style</li><li>Round neck, three-quarter regular sleeves</li><li>Calf length with straight hem</li><li>Art silk knitted and woven fabric</li></ul><br><b>Trousers design: </b><ul><li>Solid Trousers</li><li>Partially elasticated waistband</li><li>Slip-on closure</li><li>1 pockets</li></ul>Top fabric:  Art Silk <br> Bottom fabric:  Art Silk <br> Dupatta fabric:  Organza <br> Machine washThe model (height 5'8) is wearing a size S","{'Add-Ons': 'NA', 'Body Shape ID': '333,424', 'Body or Garment Size': 'To-Fit Denotes Body Measurements in', 'Bottom Closure': 'Slip-On', 'Bottom Fabric': 'Art Silk', 'Bottom Pattern': 'Solid', 'Bottom Type': 'Trousers', 'Character': 'NA', 'Dupatta': 'With Dupatta', 'Dupatta Border': 'Solid', 'Dupatta Fabric': 'Organza', 'Dupatta Pattern': 'Embroidered', 'Main Trend': 'NA', 'Neck': 'Round Neck', 'Number of Pockets': '1', 'Occasion': 'Festive', 'Ornamentation': 'NA', 'Pattern Coverage': 'Yoke or Border', 'Print or Pattern Type': 'Solid', 'Sleeve Length': 'Three-Quarter Sleeves', 'Sleeve Styling': 'Regular Sleeves', 'Slit Detail': 'Side Slits', 'Stitch': 'Ready to Wear', 'Sustainable': 'Regular', 'Technique': 'NA', 'Top Design Styling': 'Regular', 'Top Fabric': 'Art Silk', 'Top Hemline': 'Straight', 'Top Length': 'Calf Length', 'Top Pattern': 'Yoke Design', 'Top Shape': 'Straight', 'Top Type': 'Kurta', 'Waistband': 'Partially Elasticated', 'Wash Care': 'Machine Wash', 'Weave Pattern': 'Regular', 'Weave Type': 'Knitted and Woven', 'Wedding': 'Guests & Gifting'}"
16875218,Moda Rapido Women Maroon & Grey Ethnic Motifs Printed A-Line Kurta,Kurta,1199,Maroon,Moda Rapido,http://assets.myntassets.com/assets/images/16875218/2022/7/1/2d97dfa5-20db-4b0d-bdd1-1f79a9f0be301656672531176-Moda-Rapido-Women-Kurtas-3741656672530573-1.jpg,,,"<ul> <li> Colour: maroon and grey </li> <li> Ethnic motifs printed </li> <li> V-neck </li> <li> Three-quarter,  regular sleeves </li> <li> A-line shape with regular style </li> <li> Knee length with straight hem </li> <li> Machine weave regular polyester </li> </ul>The model (height 5'8) is wearing a size S100% Polyester<br>Machine-wash","{'Body Shape ID': '424', 'Body or Garment Size': 'Garment Measurements in', 'Care for me': 'Follow the garment wash care label<br>\r\nCan be tumble dried in a cool setting if machine washed<br>\r\nPrevent static build-up by drying while damp<br>\r\nUse low heat to iron', 'Colour Family': 'Bright', 'Design Styling': 'Regular', 'Fabric': 'Polyester', 'Fabric 2': 'NA', 'Fabric Purity': 'Pure', 'Hemline': 'Straight', 'Length': 'Knee Length', 'Main Trend': 'NA', 'Neck': 'V-Neck', 'Number of Pockets': '2', 'Occasion': 'Daily', 'Ornamentation': 'NA', 'Pattern': 'Printed', 'Print or Pattern Type': 'Ethnic Motifs', 'Shape': 'A-Line', 'Sleeve Length': 'Three-Quarter Sleeves', 'Sleeve Styling': 'Regular Sleeves', 'Slit Detail': 'Side Slits', 'Stitch': 'Ready to Wear', 'Sustainable': 'Regular', 'Technique': 'NA', 'Wash Care': 'Machine Wash', 'Weave Pattern': 'Regular', 'Weave Type': 'Machine Weave', 'Wedding': 'NA'}"
10808290,AHIKA Women Green & Mustard Yellow Printed Straight Kurta,Kurta,1198,Green,AHIKA,http://assets.myntassets.com/assets/images/10808290/2019/10/30/3573b361-8560-4aad-bcf6-265ad635ef581572423341928-AHIKA-Women-Kurtas-2491572423340722-1.jpg,6504,3.85701107,"Green and Mustard yellow printed straight kurta, has a keyhole neck, three-quarter sleeves, straight hem, and side slitsThe model (height 5'8"") is wearing a size SCotton<br>Hand-wash","{'Body Shape ID': '424', 'Body or Garment Size': 'Garment Measurements in', 'Colour Family': 'Pastel', 'Design Styling': 'Regular', 'Fabric': 'Cotton', 'Fabric 2': 'NA', 'Fabric Purity': 'Pure', 'Hemline': 'Straight', 'Length': 'Calf Length', 'Main Trend': 'NA', 'Neck': 'Keyhole Neck', 'Occasion': 'Daily', 'Ornamentation': 'NA', 'Pattern': 'Printed', 'Print or Pattern Type': 'Ethnic Motifs', 'Shape': 'Straight', 'Sleeve Length': 'Three-Quarter Sleeves', 'Sleeve Styling': 'Regular Sleeves', 'Slit Detail': 'Side Slits', 'Stitch': 'Ready to Wear', 'Technique': 'NA', 'Wash Care': 'Hand Wash', 'Weave Pattern': 'Regular', 'Weave Type': 'Machine Weave'}"
12246214,Ahalyaa Women Maroon & Gold Printed Kurti with Sharara & Dupatta,"Kurti, Sharara, Dupatta",5504,Maroon,Ahalyaa,http://assets.myntassets.com/assets/images/12246214/2021/1/21/fb8fc504-76cd-4d6a-a16e-e20bdc7bebe41611204555225-Ahalyaa-Women-Maroon--Gold-Printed-Kurti-with-Sharara--Dupat-1.jpg,3724,4.215628357,"Maroon and gold printed kurti with sharara and dupatta<br>Maroon and gold straight knee length kurti, has a round neck, sleeveless, side slits<br>Maroon and gold printed sharara, has partially elasticated waistband, slip-on closure<br>Maroon and gold printed dupatta, has taping borderKurta fabric: poly georgette<br>Bottom fabric: poly georgette<br>Dupatta fabric: poly georgette<br>Machine-washThe model (height 5'8"") is wearing a size S<br>Dupatta Length - 2.25 m<br>Dupatta Width - 0.52 m","{'Add-Ons': 'NA', 'Body Shape ID': '443,333,324,424', 'Body or Garment Size': 'Garment Measurements in', 'Bottom Closure': 'Slip-On', 'Bottom Fabric': 'Poly Georgette', 'Bottom Pattern': 'Printed', 'Bottom Type': 'Sharara', 'Character': 'NA', 'Dupatta': 'With Dupatta', 'Dupatta Border': 'Taping', 'Dupatta Fabric': 'Poly Georgette', 'Dupatta Pattern': 'Printed', 'Main Trend': 'NA', 'Neck': 'Round Neck', 'Number of Pockets': 'NA', 'Occasion': 'Festive', 'Ornamentation': 'Sequinned', 'Pattern Coverage': 'Small', 'Print or Pattern Type': 'Ethnic Motifs', 'Sleeve Length': 'Sleeveless', 'Sleeve Styling': 'No Sleeves', 'Slit Detail': 'Side Slits', 'Stitch': 'Ready to Wear', 'Sustainable': 'Regular', 'Technique': 'NA', 'Top Design Styling': 'Regular', 'Top Fabric': 'Poly Georgette', 'Top Hemline': 'Straight', 'Top Length': 'Knee Length', 'Top Pattern': 'Printed', 'Top Shape': 'Straight', 'Top Type': 'Kurti', 'Waistband': 'Partially Elasticated', 'Wash Care': 'Machine Wash', 'Weave Pattern': 'Regular', 'Weave Type': 'Machine Weave', 'Wedding': 'Guests & Gifting'}"
9438657,AASI - HOUSE OF NAYO Women Black & Mustard Yellow Solid Kurta with Trousers & Dupatta,"Kurta, Trousers, Dupatta",2999,Black,AASI - HOUSE OF NAYO,http://assets.myntassets.com/assets/images/9438657/2019/5/8/5f44fbff-658c-40f2-ae17-4ae52b7381e31557297223910-AASI---HOUSE-OF-NAYO-Women-Black--Mustard-Solid-Kurta-with-T-1.jpg,5652,4.109164897,"Black and mustard yellow solid kurta with trousers and dupatta<br>Black solid straight calf length kurta, has a boat neck, three-quarter sleeves, side slits<br>Black solid solid trousers, has elasticated waistband, slip-on closure<br>Black and mustard yellow printed dupatta, has tassels borderKurta fabric: pure cotton<br>Bottom fabric: pure cotton<br>Dupatta fabric: pure cotton<br>Hand-washThe model (height 5'8"") is wearing a size S","{'Body Shape ID': '333,424', 'Body or Garment Size': 'Garment Measurements in', 'Bottom Closure': 'Slip-On', 'Bottom Fabric': 'Pure Cotton', 'Bottom Pattern': 'Solid', 'Bottom Type': 'Trousers', 'Dupatta': 'With Dupatta', 'Dupatta Border': 'Tassels', 'Dupatta Fabric': 'Pure Cotton', 'Dupatta Pattern': 'Printed', 'Neck': 'Boat Neck', 'Occasion': 'Daily', 'Ornamentation': 'NA', 'Pattern Coverage': 'None', 'Print or Pattern Type': 'Solid', 'Sleeve Length': 'Three-Quarter Sleeves', 'Sleeve Styling': 'Regular Sleeves', 'Slit Detail': 'Side Slits', 'Stitch': 'Ready to Wear', 'Technique': 'NA', 'Top Design Styling': 'Regular', 'Top Fabric': 'Pure Cotton', 'Top Hemline': 'Straight', 'Top Length': 'Calf Length', 'Top Pattern': 'Solid', 'Top Shape': 'Straight', 'Top Type': 'Kurta', 'Waistband': 'Elasticated', 'Wash Care': 'Hand Wash', 'Weave Pattern': 'Regular', 'Weave Type': 'Machine Weave'}"
16331336,Anubhutee Women Teal Ethnic Motifs Printed Empire Thread Work Pure Cotton Kurta with Trousers & With Dupatta,"Kurta, Trousers, Dupatta",5299,Teal,Anubhutee,http://assets.myntassets.com/assets/images/16331336/2021/12/2/8fa4f922-c4fc-4c4d-8aad-8c28ece5ff2e1638428914896KurtaSets1.jpg,201,3.55721393,"Teal printed Kurta with Trousers with dupatta <br> <br> <b> Kurta design:  </b> <ul> <li> Ethnic motifs printed </li> <li> Anarkali shape </li> <li> Empire style </li> <li> Round neck,  three-quarter regular sleeves </li> <li> Thread work detail </li> <li> Above knee length with flared hem </li> <li> Pure cotton machine weave fabric </li> </ul> <br> <b> Trousers design:  </b> <ul> <li> Printed Trousers </li> <li> Elasticated waistband </li> <li> Slip-on closure </li> </ul>Cotton<br>Hand WashThe model (height 5'8) is wearing a size S","{'Add-Ons': 'NA', 'Body Shape ID': '333,424', 'Body or Garment Size': 'Garment Measurements in', 'Bottom Closure': 'Slip-On', 'Bottom Fabric': 'Pure Cotton', 'Bottom Pattern': 'Printed', 'Bottom Type': 'Trousers', 'Character': 'NA', 'Dupatta': 'With Dupatta', 'Dupatta Border': 'Printed', 'Dupatta Fabric': 'Voile', 'Dupatta Pattern': 'Printed', 'Main Trend': 'NA', 'Neck': 'Round Neck', 'Number of Pockets': 'NA', 'Occasion': 'Festive', 'Ornamentation': 'Thread Work', 'Pattern Coverage': 'Small', 'Print or Pattern Type': 'Ethnic Motifs', 'Sleeve Length': 'Three-Quarter Sleeves', 'Sleeve Styling': 'Regular Sleeves', 'Slit Detail': 'NA', 'Stitch': 'Ready to Wear', 'Style Tip': '', 'Sustainable': 'Regular', 'Technique': 'NA', 'Top Design Styling': 'Empire', 'Top Fabric': 'Pure Cotton', 'Top Hemline': 'Flared', 'Top Length': 'Above Knee', 'Top Pattern': 'Printed', 'Top Shape': 'Anarkali', 'Top Type': 'Kurta', 'Waistband': 'Elasticated', 'Wash Care': 'Hand Wash', 'Weave Pattern': 'Regular', 'Weave Type': 'Machine Weave', 'Wedding': 'Guests & Gifting'}"
7763575,Anouk Women Red Floral Print A-Line Kurta,Kurta,1699,Red,Anouk,http://assets.myntassets.com/assets/images/7763575/2021/1/27/ed5edf7d-db8e-4c05-bac6-3bd4979418a21611738222844-Anouk-Women-Red-Floral-Print-A-Line-Kurta-6991611738221560-1.jpg,2004,4.076846307,"Red Floral Print&nbsp;A-line kurta, has a round neck, short sleeves, flared hem, has gathers along the waistThe model (height 5'8"") is wearing a size S100% viscose<br>Hand-wash","{'Body Shape ID': '424', 'Colour Family': 'Bright', 'Design Styling': 'Regular', 'Fabric 2': 'NA', 'Fabric Purity': 'Pure', 'Hemline': 'Flared', 'Length': 'Calf Length', 'Main Trend': 'Floral', 'Neck': 'Round Neck', 'Occasion': 'Daily', 'Ornamentation': 'NA', 'Pattern': 'Printed', 'Print or Pattern Type': 'Floral', 'Shape': 'A-Line', 'Sleeve Length': 'Short Sleeves', 'Sleeve Styling': 'Cap Sleeves', 'Slit Detail': 'NA', 'Stitch': 'Ready to Wear', 'Technique': 'NA', 'Wash Care': 'Machine Wash', 'Weave Pattern': 'Regular', 'Weave Type': 'Machine Weave'}"
19357994,FASHOR Women Pink Ethnic Motifs Kurta,Kurta,2899,Pink,FASHOR,http://assets.myntassets.com/assets/images/19357994/2022/8/3/c9d70fb4-dfd1-41e4-9538-fd3a30c19b5c1659500359962FASHORWomenPinkEthnicMotifsThreadWorkKurta1.jpg,,,"<ul> <li> Colour: pink </li> <li> Ethnic motifs woven design </li> <li> Round neck </li> <li> Three-quarter,  regular sleeves </li> <li> Straight shape with tiered style </li> <li> Calf length with straight hem </li> <li> Machine weave regular viscose rayon </li> </ul><br> The model (height 5'8) is wearing a size SRayon<br>Hand wash","{'About the Brand': 'fashor is a leading fashion brand showcasing trendy styles for women. the brand stands out for its versatile designs, choice of colours, intricate detailing, fine fabric quality and perfect fit. from everyday wear to occasion wear, fashor offers a wide collection of unique and stylish outfits that strike a chord with every indian woman.', 'Body Shape ID': '443,424', 'Body or Garment Size': 'Garment Measurements in', 'Care for me': 'Follow the washcare label on garment. Use cold water with mild detergents when handwashing or opt for delicate setting when machine washing<br>\r\nAlways wash inside-out to preserve colour<br>\r\nNever wring or tumble dry. Dry flat on a towel or hang on coat hangers<br>\r\nIron on the reverse side with medium heat', 'Colour Family': 'Earthy', 'Design Styling': 'Tiered', 'Fabric': 'Viscose Rayon', 'Fabric 2': 'NA', 'Fabric Purity': 'Pure', 'Hemline': 'Straight', 'Length': 'Calf Length', 'Main Trend': 'NA', 'Neck': 'Round Neck', 'Number of Pockets': 'NA', 'Occasion': 'Daily', 'Ornamentation': 'NA', 'Pattern': 'Woven Design', 'Print or Pattern Type': 'Ethnic Motifs', 'Shape': 'Straight', 'Sleeve Length': 'Three-Quarter Sleeves', 'Sleeve Styling': 'Regular Sleeves', 'Slit Detail': 'Side Slits', 'Stitch': 'Ready to Wear', 'Sustainable': 'Regular', 'Technique': 'NA', 'Wash Care': 'Hand Wash', 'Weave Pattern': 'Regular', 'Weave Type': 'Machine Weave', 'Wedding': 'NA'}"
18957838,KALINI Women Fluorescent Green Embroidered Pure Cotton Salwar suit,Salwar suit,3699,Fluorescent Green,KALINI,http://assets.myntassets.com/assets/images/18957838/2022/7/4/58ff6c28-b599-4a63-9627-d9cc7a35966c1656932528424KALINIWomenFluorescentGreenEthnicMotifsEmbroideredPleatedPur1.jpg,12,4.333333333,"Fluorescent green embroidered Kurta with Churidar with dupatta <br> <br> <b> Kurta design:  </b> <ul> <li> Ethnic motifs embroidered </li> <li> Anarkali shape </li> <li> Pleated style </li> <li> Keyhole neck,  three-quarter flared sleeves </li> <li> Na pockets </li> <li> Calf length with flared hem </li> <li> Pure cotton machine weave fabric </li> </ul> <br> <b> Churidar design:  </b> <ul> <li> Printed Churidar </li> <li> Partially elasticated waistband </li> <li> Zip closure </li> </ul>Pure cotton<br>Machine WashThe model (height 5'8) is wearing a size S","{'Add-Ons': 'NA', 'Body Shape ID': '333,424', 'Body or Garment Size': 'To-Fit Denotes Body Measurements in', 'Bottom Closure': 'Zip', 'Bottom Fabric': 'Pure Cotton', 'Bottom Pattern': 'Printed', 'Bottom Type': 'Churidar', 'Character': 'NA', 'Dupatta': 'With Dupatta', 'Dupatta Border': 'Printed', 'Dupatta Fabric': 'Pure Cotton', 'Dupatta Pattern': 'Printed', 'Main Trend': 'Pastels', 'Neck': 'Round Neck', 'Number of Pockets': 'NA', 'Occasion': 'Daily', 'Ornamentation': 'NA', 'Pattern Coverage': 'Large', 'Print or Pattern Type': 'Ethnic Motifs', 'Sleeve Length': 'Three-Quarter Sleeves', 'Sleeve Styling': 'Regular Sleeves', 'Slit Detail': 'NA', 'Stitch': 'Ready to Wear', 'Sustainable': 'Sustainable', 'Technique': 'Screen', 'Top Design Styling': 'Pleated', 'Top Fabric': 'Pure Cotton', 'Top Hemline': 'Flared', 'Top Length': 'Calf Length', 'Top Pattern': 'Embroidered', 'Top Shape': 'Anarkali', 'Top Type': 'Kurta', 'Waistband': 'Partially Elasticated', 'Wash Care': 'Machine Wash', 'Weave Pattern': 'Regular', 'Weave Type': 'Machine Weave', 'Wedding': 'NA'}"
18425500,Indi INSIDE Women Pink Ethnic Motifs Block Printed Anarkali Kurta,"Kurta, Anarkali",1599,Pink,Indi INSIDE,http://assets.myntassets.com/assets/images/18425500/2022/5/26/548b3242-c4b0-4a01-a7c8-dbd25721ed101653557566916BlockPrintedPinkKurta1.jpg,94,3.872340426,"<ul><li>Colour: pink</li><li>Ethnic motifs solid</li><li>V-neck</li><li>Three-quarter, flared sleeves</li><li>Anarkali shape with pleated style</li><li>Ankle length with flared hem</li><li>Machine weave regular viscose rayon</li></ul><p>Dry Clean</p><br> The model (height 5'8) is wearing a size S","{'Body Shape ID': '443,333,324,424', 'Body or Garment Size': 'Garment Measurements in', 'Care for me': 'Follow the washcare label on garment. Use cold water with mild detergents when handwashing or opt for delicate setting when machine washing<br>\r\nAlways wash inside-out to preserve colour<br>\r\nNever wring or tumble dry. Dry flat on a towel or hang on coat hangers<br>\r\nIron on the reverse side with medium heat', 'Colour Family': 'Earthy', 'Design Styling': 'Pleated', 'Fabric': 'Viscose Rayon', 'Fabric 2': 'NA', 'Fabric Purity': 'Pure', 'Hemline': 'Flared', 'Length': 'Ankle Length', 'Main Trend': 'NA', 'Neck': 'V-Neck', 'Number of Pockets': 'NA', 'Occasion': 'Festive', 'Ornamentation': 'NA', 'Pattern': 'Solid', 'Print or Pattern Type': 'Ethnic Motifs', 'Shape': 'Anarkali', 'Sleeve Length': 'Three-Quarter Sleeves', 'Sleeve Styling': 'Flared Sleeves', 'Slit Detail': 'Front Slit', 'Stitch': 'Ready to Wear', 'Sustainable': 'Regular', 'Technique': 'Block Print', 'Wash Care': 'Dry Clean', 'Weave Pattern': 'Regular', 'Weave Type': 'Machine Weave', 'Wedding': 'NA'}"
14925332,Anouk Women Mustard Yellow & Red Geometric Printed Kurta,Kurta,1099,Mustard,Anouk,http://assets.myntassets.com/assets/images/14925332/2021/9/2/9fdeb696-bce1-4791-aa1a-3dbfe5e9a5c51630583727539HERENOWMenPinkWhiteTypographyPrintedOrganicCottonT-shirtKurt1.jpg,450,4.164444444,"<ul> <li> Colour: mustard yellow and red </li> <li> Geometric printed </li> <li> V-neck </li> <li> Three-quarter,  regular sleeves </li> <li> Straight shape with regular style </li> <li> Calf length with straight hem </li> <li> Machine weave regular cotton </li> </ul>100% Cotton<br>Machine wash<br> The model (height 5'8) is wearing a size S","{'Body Shape ID': '424', 'Body or Garment Size': 'To-Fit Denotes Body Measurements in', 'Colour Family': 'Bright', 'Design Styling': 'Regular', 'Fabric': 'Cotton', 'Fabric 2': 'NA', 'Fabric Purity': 'Pure', 'Hemline': 'Straight', 'Length': 'Calf Length', 'Main Trend': 'NA', 'Neck': 'V-Neck', 'Number of Pockets': 'NA', 'Occasion': 'Daily', 'Ornamentation': 'NA', 'Pattern': 'Printed', 'Print or Pattern Type': 'Geometric', 'Shape': 'Straight', 'Sleeve Length': 'Three-Quarter Sleeves', 'Sleeve Styling': 'Regular Sleeves', 'Slit Detail': 'Side Slits', 'Stitch': 'Ready to Wear', 'Sustainable': 'Regular', 'Technique': 'NA', 'Wash Care': 'Machine Wash', 'Weave Pattern': 'Regular', 'Weave Type': 'Machine Weave'}"
18811288,SheWill Women Teal Floral Embroidered Sequinned Kurta with Trousers & With Dupatta,"Kurta, Trousers, Dupatta",6699,Teal,SheWill,http://assets.myntassets.com/assets/images/18811288/2022/7/5/edbf3557-d768-49fd-8c80-c56427f2e81c1657018117840-SheWill-Blue-Muslin-Sequence-Zari-Embroidered-Straight-Kurta-1.jpg,,,"Teal embroidered Kurta with Trousers with dupatta <br> <br> <b> Kurta design:  </b> <ul> <li> Floral embroidered </li> <li> Straight shape </li> <li> Regular style </li> <li> Round neck,  three-quarter regular sleeves </li> <li> Sequinned detail </li> <li> Calf length with straight hem </li> <li> Silk blend machine weave fabric </li> </ul> <br> <b> Trousers design:  </b> <ul> <li> Solid Trousers </li> <li> Drawstring closure </li> </ul>Top &amp; Bottom: Silk blend<br>Dupatta: Poly chiffon<br>Dry clean only<br>Size worn by the model: 36<br>Chest: 30""<br>Waist: 25""<br>Hips: 35""<br>Height: 5'9""<br>","{'Add-Ons': 'NA', 'Body Shape ID': '333,424', 'Body or Garment Size': 'Garment Measurements in', 'Bottom Closure': 'Drawstring', 'Bottom Fabric': 'Silk Blend', 'Bottom Pattern': 'Solid', 'Bottom Type': 'Trousers', 'Character': 'NA', 'Dupatta': 'With Dupatta', 'Dupatta Border': 'Taping', 'Dupatta Fabric': 'Poly Chiffon', 'Dupatta Pattern': 'Self Design', 'Main Trend': 'Floral', 'Neck': 'Round Neck', 'Number of Pockets': 'NA', 'Occasion': 'Festive', 'Ornamentation': 'Sequinned', 'Pattern Coverage': 'None', 'Print or Pattern Type': 'Floral', 'Sleeve Length': 'Three-Quarter Sleeves', 'Sleeve Styling': 'Regular Sleeves', 'Slit Detail': 'Side Slits', 'Stitch': 'Ready to Wear', 'Style Tip': 'straight kurta pant set', 'Sustainable': 'Regular', 'Technique': 'NA', 'Top Design Styling': 'Regular', 'Top Fabric': 'Silk Blend', 'Top Hemline': 'Straight', 'Top Length': 'Calf Length', 'Top Pattern': 'Embroidered', 'Top Shape': 'Straight', 'Top Type': 'Kurta', 'Waistband': 'NA', 'Wash Care': 'Dry Clean', 'Weave Pattern': 'Regular', 'Weave Type': 'Machine Weave', 'Wedding': 'Bride & Wedding Squad', 'Where-to-wear': 'party wear'}"
15646472,Varanga Women Red Bandhani Printed Gotta Patti Kurta,Kurta,2999,Red,Varanga,http://assets.myntassets.com/assets/images/15646472/2021/9/28/a5a4e093-dfd6-4a1b-8c1f-c7b46f27678d1632833511024VarangaWomenRedEthnicMotifsPrintedGottaPattiKurta1.jpg,452,3.794247788,"<ul> <li> Colour: red </li> <li> Bandhani printed </li> <li> Round neck </li> <li> Three-quarter,  regular sleeves </li> <li> Straight shape with regular style </li> <li> Gotta patti detail </li> <li> Calf length with straight hem </li> <li> Machine weave regular cotton </li> </ul>Cotton <br> Hand wash<br> The model (height 5'8) is wearing a size S","{'Body Shape ID': '424', 'Body or Garment Size': 'To-Fit Denotes Body Measurements in', 'Colour Family': 'Bright', 'Design Styling': 'Regular', 'Fabric': 'Cotton', 'Fabric 2': 'NA', 'Fabric Purity': 'Pure', 'Hemline': 'Straight', 'Length': 'Calf Length', 'Main Trend': 'NA', 'Neck': 'Round Neck', 'Number of Pockets': 'NA', 'Occasion': 'Daily', 'Ornamentation': 'Gotta Patti', 'Pattern': 'Printed', 'Print or Pattern Type': 'Bandhani', 'Shape': 'Straight', 'Sleeve Length': 'Three-Quarter Sleeves', 'Sleeve Styling': 'Regular Sleeves', 'Slit Detail': 'Side Slits', 'Stitch': 'Ready to Wear', 'Sustainable': 'Regular', 'Technique': 'Bandhani', 'Wash Care': 'Hand Wash', 'Weave Pattern': 'Regular', 'Weave Type': 'Machine Weave'}"
18503778,KALINI Women Pink Floral Embroidered Layered Gotta Patti Kurti with Sharara & With Dupatta,"Kurti, Sharara, Dupatta",2999,Pink,KALINI,http://assets.myntassets.com/assets/images/18503778/2022/5/30/6bd65bc0-6a32-4c55-9480-0f6e4c0382231653924747273KALINIAssamicaWomenPinkDyedKurtaPrintedShararawithDupatta1.jpg,175,3.6,"Pink embroidered Kurti with Sharara with dupatta<br><br><b>Kurti design: </b><ul><li>Floral embroidered</li><li>A-line shape</li><li>Layered style</li><li>Keyhole neck, three quarter regular sleeves</li><li>Na pockets gotta patti detail</li><li>Above knee length with curved hem</li><li>Viscose rayon machine weave fabric</li></ul><br><b>Sharara design: </b><ul><li>Self design Sharara</li><li>Elasticated waistband</li><li>Zip closure</li></ul>The model (height 5'8) is wearing a size S<p>Machine Wash</p>","{'Add-Ons': 'NA', 'Body Shape ID': '443,333,324,424', 'Body or Garment Size': 'To-Fit Denotes Body Measurements in', 'Bottom Closure': 'Zip', 'Bottom Fabric': 'Viscose Rayon', 'Bottom Pattern': 'Self Design', 'Bottom Type': 'Sharara', 'Character': 'NA', 'Dupatta': 'With Dupatta', 'Dupatta Border': 'Taping', 'Dupatta Fabric': 'Poly Chiffon', 'Dupatta Pattern': 'Solid', 'Main Trend': 'Pastels', 'Neck': 'Keyhole Neck', 'Number of Pockets': 'NA', 'Occasion': 'Daily', 'Ornamentation': 'Gotta Patti', 'Pattern Coverage': 'Placement', 'Print or Pattern Type': 'Floral', 'Sleeve Length': 'Three-Quarter Sleeves', 'Sleeve Styling': 'Regular Sleeves', 'Slit Detail': 'Multiple Slits', 'Stitch': 'Ready to Wear', 'Sustainable': 'Sustainable', 'Technique': 'NA', 'Top Design Styling': 'Layered', 'Top Fabric': 'Viscose Rayon', 'Top Hemline': 'Curved', 'Top Length': 'Above Knee', 'Top Pattern': 'Embroidered', 'Top Shape': 'A-Line', 'Top Type': 'Kurti', 'Waistband': 'Elasticated', 'Wash Care': 'Machine Wash', 'Weave Pattern': 'Regular', 'Weave Type': 'Machine Weave', 'Wedding': 'NA'}"
15561680,DIVYANK Women Navy Blue & Grey Ethnic Motifs Printed Mirror Work Kurta with Palazzos,"Kurta, Palazzos",2999,Navy Blue,DIVYANK,http://assets.myntassets.com/assets/images/15561680/2021/9/22/ae87dd98-3d80-449b-bf62-3834797d9a561632315919781DIVYANKWomenNavyBlueEthnicMotifsPrintedRegularMirrorWorkKurt1.jpg,1543,4.233959819,"Navy blue &amp; grey printed Kurta with Palazzos<br><br><b>Kurta design: </b><ul><li>Navy blue &amp; gold coloured</li><li>Ethnic motifs printed</li><li>A-line shape</li><li>Regular style</li><li>Round neck, three-quarter regular sleeves</li><li>Mirror work detail</li><li>Calf length with straight hem</li><li>Viscose rayon machine weave fabric</li></ul><br><b>Palazzos design: </b><ul><li>Grey bottom Embroidered Palazzos</li><li>Partially Elasticated waistband</li><li>Slip-on closure</li></ul>Top fabric: Viscose Rayon 100%<br>Bottom fabric: Viscose Rayon 100%<br>Machine washThe model (height 5'8) is wearing a size S","{'Add-Ons': 'NA', 'Body Shape ID': '443,333,324,424', 'Body or Garment Size': 'Garment Measurements in', 'Bottom Closure': 'Slip-On', 'Bottom Fabric': 'Viscose Rayon', 'Bottom Pattern': 'Embroidered', 'Bottom Type': 'Palazzos', 'Character': 'NA', 'Dupatta': 'NA', 'Dupatta Border': 'NA', 'Dupatta Fabric': 'NA', 'Dupatta Pattern': 'NA', 'Main Trend': 'NA', 'Neck': 'Round Neck', 'Number of Pockets': 'NA', 'Occasion': 'Daily', 'Ornamentation': 'Mirror Work', 'Pattern Coverage': 'Small', 'Print or Pattern Type': 'Ethnic Motifs', 'Sleeve Length': 'Three-Quarter Sleeves', 'Sleeve Styling': 'Regular Sleeves', 'Slit Detail': 'Side Slits', 'Stitch': 'Ready to Wear', 'Sustainable': 'Regular', 'Technique': 'NA', 'Top Design Styling': 'Regular', 'Top Fabric': 'Viscose Rayon', 'Top Hemline': 'Straight', 'Top Length': 'Calf Length', 'Top Pattern': 'Printed', 'Top Shape': 'A-Line', 'Top Type': 'Kurta', 'Waistband': 'Partially Elasticated', 'Wash Care': 'Machine Wash', 'Weave Pattern': 'Regular', 'Weave Type': 'Machine Weave', 'Where-to-wear': ''}"
16857670,Libas Women Lavender Floral Printed Pure Cotton Kurta Set with Dupatta,"Kurta Set, Dupatta",2999,Lavender,Libas,http://assets.myntassets.com/assets/images/16857670/2022/1/31/393262fb-2be4-4945-b3e8-a64336da74f01643629068794-Libas-Women-Kurta-Sets-3571643629067890-1.jpg,87,4.298850575,"Lavender printed Kurta with Trousers with dupatta <br> <br> <b> Kurta design:  </b> <ul> <li> Floral printed </li> <li> A-line shape </li> <li> Regular style </li> <li> Round neck,  three-quarter regular sleeves </li> <li> 2 pockets </li> <li> Calf length with flared hem </li> <li> Pure cotton knitted and woven fabric </li> </ul> <br> <b> Trousers design:  </b> <ul> <li> Printed Trousers </li> <li> Partially elasticated waistband </li> <li> Slip-on closure </li> </ul>Pure Cotton<br>Machine-washThe model (height 5'8) is wearing a size S","{'Add-Ons': 'NA', 'Body Shape ID': '333,424', 'Body or Garment Size': 'Garment Measurements in', 'Bottom Closure': 'Slip-On', 'Bottom Fabric': 'Pure Cotton', 'Bottom Pattern': 'Printed', 'Bottom Type': 'Trousers', 'Character': 'NA', 'Dupatta': 'With Dupatta', 'Dupatta Border': 'Taping', 'Dupatta Fabric': 'Pure Cotton', 'Dupatta Pattern': 'Printed', 'Main Trend': 'NA', 'Neck': 'Round Neck', 'Number of Pockets': '2', 'Occasion': 'Fusion', 'Ornamentation': 'NA', 'Pattern Coverage': 'Small', 'Print or Pattern Type': 'Floral', 'Sleeve Length': 'Three-Quarter Sleeves', 'Sleeve Styling': 'Regular Sleeves', 'Slit Detail': 'NA', 'Stitch': 'Ready to Wear', 'Sustainable': 'Regular', 'Technique': 'NA', 'Top Design Styling': 'Regular', 'Top Fabric': 'Pure Cotton', 'Top Hemline': 'Flared', 'Top Length': 'Calf Length', 'Top Pattern': 'Printed', 'Top Shape': 'A-Line', 'Top Type': 'Kurta', 'Waistband': 'Partially Elasticated', 'Wash Care': 'Machine Wash', 'Weave Pattern': 'Regular', 'Weave Type': 'Knitted and Woven'}"
13437328,Sangria Women Beige & Black Pure Cotton Printed Kurta with Salwar,"Kurta, Salwar",2499,Beige,Sangria,http://assets.myntassets.com/assets/images/13437328/2021/2/26/1db98d09-8e2a-49b6-9521-d59d0764aa621614341754175-Sangria-Women-Kurta-Sets-9031614341752071-1.jpg,699,3.954220315,"<b>ABOUT THE BRAND</b><br>Sangria is a ready-to-wear brand that focuses on a global Indian woman. Sangria has a unique signature style with an electric collection of fabrics, colors, and patterns. The brand has a modern take on traditional Indian motifs and designs with a wide range of offerings.<br><br><b>PRODUCT DESCRIPTION</b><br>With the breezy tiered silhouette and printed pattern, this straight kurta will become your go-to outfit. Top it off with these&nbsp;checked salwar and comfortable flats<br><br><b>FEATURES<br><br>KURTA</b><ul><li>has a mandarin neck</li><li>button closure</li><li>three-quarter puffed sleeves</li><li>curved hem</li><li>side slits</li></ul><b>PALAZZOS</b><ul><li>has partially elasticated waistband</li><li>slip-on closure</li><li>one pocket</li></ul>The model (height 5'8"") is wearing a size STop fabric: Pure Cotton<br>Bottom fabric: Pure Cotton<br>Machine-wash","{'Add-Ons': 'NA', 'Body Shape ID': '443,324', 'Body or Garment Size': 'To-Fit Denotes Body Measurements in', 'Bottom Closure': 'Slip-On', 'Bottom Fabric': 'Pure Cotton', 'Bottom Pattern': 'Checked', 'Bottom Type': 'Salwar', 'Dupatta': 'NA', 'Dupatta Border': 'NA', 'Dupatta Fabric': 'NA', 'Dupatta Pattern': 'NA', 'Neck': 'Mandarin Collar', 'Occasion': 'Daily', 'Ornamentation': 'NA', 'Pattern Coverage': 'Small', 'Print or Pattern Type': 'Geometric', 'Sleeve Length': 'Three-Quarter Sleeves', 'Sleeve Styling': 'Puffed Sleeves', 'Slit Detail': 'Side Slits', 'Stitch': 'Ready to Wear', 'Sustainable': 'Regular', 'Technique': 'NA', 'Top Design Styling': 'Regular', 'Top Fabric': 'Pure Cotton', 'Top Hemline': 'Curved', 'Top Length': 'Calf Length', 'Top Pattern': 'Printed', 'Top Shape': 'Straight', 'Top Type': 'Kurta', 'Waistband': 'Partially Elasticated', 'Wash Care': 'Machine Wash', 'Weave Pattern': 'Regular', 'Weave Type': 'Machine Weave'}"
